OBJECTID,APN,APN_8,PARCELID,FRACTINT,LEGLDESC,ASR_LAND,ASR_IMPR,ASR_TOTAL,DOCTYPE,DOCNMBR,DOCDATE,ACREAGE,TAXSTAT,OWNEROCC,TRANUM,ASR_ZONE,UNITQTY,SUBMAP,SUBNAME,BEDROOMS,BATHS,POOL,PAR_VIEW,SITUS_ZIP,X_COORD,Y_COORD,SUB_TYPE,MULTI,Shape_Length,Shape_Area,SITUS_JURI,SITUS_STRE,SITUS_SUFF,SITUS_POST,SITUS_PRE_,SITUS_ADDR,SITUS_FRAC,SITUS_BUIL,SITUS_SUIT,ASR_LANDUS,NUCLEUS_ZO,NUCLEUS_US,SITUS_COMM,YEAR_EFFEC,TOTAL_LVG_,ADDITION_A,GARAGE_CON,GARAGE_STA,CARPORT_ST,USABLE_SQ_,QUAL_CLASS,NUCLEUS_SI,NUCLEUS__1,NUCLEUS__2,OVERLAY_JU,SHAPE_STAr,SHAPE_STLe
73005,5332710600,53327106,179993,1,BLK 219*(EX HWY OP)\,4373491,2124264,6497755,1,054432,110504,0.51,T, ,08001,6,1,DB0013PG522,HORTONS ADD LOCKLING,000,000, , ,92101-2692,6280759.10843,1844340.30247,1,N,662.9658699722615,22761.51953785323,SD,ELM,ST,S, ,111, , , ,22,60,220,SAN DIEGO,71,30400,25503, , , ,22200, ,111,0, ,SD,22761.4873047,662.965932357
83206,5333531900,53335319,5216542,1,PAR 2\,424483,1106309,1530792,1,248317,052016,0,T, ,08242,6,1,PM18982,PARCEL MAP NO 18982,004,030, , ,92101-2538,6279845.57559,1843999.69872,1,N,111.91004985360675,773.6079586192519,SD,STATE,ST, ,W,1695, , , ,11,60,110,SAN DIEGO,02,2312,0, ,002, ,00775, ,1695,0, ,SD,773.608398438,111.910104591
110683,5332430700,53324307,405750,1,PAR 2\,0,0,0,1,092285,030714,1.36,N, ,08242,0,0,PM18747,PARCEL MAP NO 18747,000,000, , ,92101-2915,6280164.82664,1844220.5463,1,N,1079.6447542454644,58796.899706399025,SD,DATE,ST, ,W,250, , , ,0,00,000,SAN DIEGO,00,0,0, ,000,000,00000, ,250,0, ,SD,58796.8808594,1079.64512911
138906,5333540200,53335402,405757,1,BLK E*POR IN BLK 208 1/2 DB13PG522 & IN LOT 2\,812214,268651,1080865,1,221478,033006,0,T, ,08242,6,4,CC1-1874,MIDDLETOWN,000,000, , ,92101-2925,6280137.86537,1843958.2583,1,N,263.43186041723135,4129.470100181506,SD,UNION,ST, , ,1661, , , ,13,60,130,SAN DIEGO,94,1475,0, , , ,03850,D040,1661,1665, ,SD,4129.47753906,263.432221154
148321,5333531800,53335318,158740,1,PAR 1\,287123,969334,1256457,1,249801,060217,0,T, ,08242,6,1,PM18982,PARCEL MAP NO 18982,004,030,N,Y,92101-2916,6279845.28086,1844016.83456,1,N,112.01789539440458,775.3206807401326,SD,DATE,ST, ,W,343, , , ,11,60,110,SAN DIEGO,02,2312,0, ,002,000,00775,D080,343,0, ,SD,775.322265625,112.01801018
178258,5333610100,53336101,158732,1,BLK 208 1/2*E 100 FT OF N 100 FT*,713536,475692,1189228,1,008615,010919,0,T, ,08242,9,6,DB0013PG522,HORTONS ADD LOCKLING,000,000, , ,92101-2920,6280227.65257,1843989.22979,1,N,413.63845660757806,10674.946632206784,SD,FRONT,ST, , ,1658, , , ,88,90,888,SAN DIEGO,37,6752,0, , , ,10000,D050,1658,1668, ,SD,10674.9609375,413.638720705
196458,5333531400,53335314,405755,1,BLK 33*LOT 11*S 25 FT*,388055,56578,444633,2,173104,031913,0,T,Y,08242,6,1,CC1-1874,MIDDLETOWN,003,010,N, ,92101-2926,6279977.27978,1843948.78896,1,N,250.4726741647491,2506.3661265544647,SD,UNION,ST, , ,1654, , , ,11,60,110,SAN DIEGO,00,1230,0,N, , ,02500,D040A,1654,0, ,SD,2506.36914063,250.472656567
207699,5332530800,53325308,22906,1,BLK 223*LOT H*PAR PER ROS 10654 IN LOT G&IN\,285525,533591,819116,2,925225,121701,0,T, ,08001,6,0,DB0013PG522,HORTONS ADD LOCKLING,000,000, , ,92101-2662,6280542.01376,1844564.38889,1,N,250.17505741413294,2659.8830395450505,SD,1ST,AVE, , ,1818, , , ,21,60,210,SAN DIEGO,88,0,4450, , , ,02417,A070,1818,0, ,SD,2659.87695313,250.174854843
209914,5333660500,53336605,22905,1,BLK 220*LOTS F & G*ST CLSD ADJ & POR*,452715,0,452715,1,148173,040317,0,T, ,08242,6,1,DB0013PG522,HORTONS ADD LOCKLING,000,000, , ,92101,6280475.97996,1844091.13272,1,N,352.58410593861294,4081.512812272667,SD,1ST,AVE, , ,0, , , ,27,60,270,SAN DIEGO,00,0,0, , , ,04075, ,0,0, ,SD,4081.50292969,352.583747666
255250,5332530900,53325309,22907,1,BLK 223*LOTS J&K*(EX HWY OP)LOT I&ALL OF\,2823149,1433284,4256433,1,327622,103103,0,T, ,08001,6,0,DB0013PG522,HORTONS ADD LOCKLING,000,000, , ,92101-2615,6280513.60448,1844675.89297,1,N,495.4020049731967,15267.987400669312,SD,1ST,AVE, , ,1840, , , ,31,60,312,SAN DIEGO,73,43389,0,N, ,002,14780, ,1840,0, ,SD,15267.9462891,495.401527066
271212,5333531700,53335317,405756,1,BLK 33*LOT 12*DOC87-699924 IN LOTS 1&11&\,1715091,4911297,6626388,1,632486,072605,0,T, ,08242,6,1,CC1-1874,MIDDLETOWN, , , , ,92101-0910,6279964.52517,1844001.30229,1,N,422.886338256391,9328.738409382056,SD,UNION,ST, , ,1660, , , ,22,60,220,SAN DIEGO,89,24530,21850, , , ,09300,S,1660,0, ,SD,9328.72558594,422.886115237
316444,5333530500,53335305,361534,1,BLK 33*LOT 3*,908844,194746,1103590,1,282139,042507,0,T, ,08242,6,7,CC1-1874,MIDDLETOWN,000,000, , ,92101-2535,6279876.69187,1843911.89337,1,N,300.49734643725833,5013.353058462942,SD,STATE,ST, , ,1637, , , ,14,60,140,SAN DIEGO,25,2633,0, , , ,05000,D040,1637,1649, ,SD,5013.34277344,300.496948897
479583,5333530200,53335302,158741,1,BLK 33*LOT 1*E 33 FT OF W 64 FT*,355504,318362,673866,1,154369,040516,0,T, ,08242,6,1,CC1-1874,MIDDLETOWN,002,010,N, ,92101-2916,6279875.04007,1844011.89755,1,N,165.98981689111991,1649.8333907261306,SD,DATE,ST, ,W,335, , , ,11,60,110,SAN DIEGO,20,708,0,N, , ,01650,D050B,335,0, ,SD,1649.82714844,165.989488899
519909,5332531000,53325310,1576333,1,BLK 223*LOTS A&B*(EX HWY)ST CLSD&\,776706,709167,1485873,2,908395,122206,0,T, ,08001,3,10,DB0013PG522,HORTONS ADD LOCKLING,011,100,N,Y,92101-1956,6280411.70953,1844745.60481,1,N,404.5334331785145,9578.723057912299,SD,FIR,ST, ,W,141, , , ,14,30,140,SAN DIEGO,28,7666,99999,N,767,000,09100,D055,141,0, ,SD,9578.71386719,404.533542453
600232,5332841300,53328413,22909,1,BLK 224*LOT C*LOTS A THRU\,2811528,3280117,6091645,1,006659,010405,0,T, ,08001,6,1,DB0013PG522,HORTONS ADD LOCKLING, , , , ,92101-2685,6280688.78086,1844730.25926,1,N,498.0086999972974,14875.460156147368,SD,1ST,AVE, , ,1855, , , ,21,60,210,SAN DIEGO,85,30579,27445, , , ,15000,D075,1855,0, ,SD,14875.4443359,498.008383681
620281,5333531300,53335313,405754,1,BLK 33*LOT 10*,584252,64907,649159,1,372881,060107,0,T, ,08242,6,2,CC1-1874,MIDDLETOWN,000,000, , ,92101,6279976.93332,1843911.28048,1,N,300.5059940860674,5013.286552107016,SD,UNION,ST, , ,1642, , , ,13,60,130,SAN DIEGO,05,3318,41, , , ,05000,D045,1642,1648, ,SD,5013.28320313,300.50590853
668142,5333540100,53335401,158731,1,BLK E*LOT 1*/EXC E 100 FT/ N 50 FT BLK 208 1/2 HORTON ADD &*,981409,197551,1178960,1,128684,041019,0,T, ,08242,6,4,CC1-1874,MIDDLETOWN,000,000, , ,92101-2914,6280137.9585,1844013.01852,1,N,273.19400881353107,4525.354588142003,SD,DATE,ST, ,W,223, , , ,13,60,130,SAN DIEGO,46,2810,0, , , ,03850,D050,223,235, ,SD,4525.3671875,273.194563125
678985,5332420400,53324204,158613,1,PAR 1\,0,0,0, ,016945,000000,3.59,N, ,08242,0,0,PM18747,PARCEL MAP NO 18747,000,000, , ,92101-2530,6279903.93236,1844548.85063,1,N,1826.8704486253846,156452.03254563437,SD,STATE,ST, , ,1789, , , ,0,00,000,SAN DIEGO,00,0,0, ,000,000,00000, ,1789,0, ,SD,156452.008789,1826.87064476
736137,5333660600,53336606,120033,1,BLK 209*LOTS A THRU F*DOC11-0711083 IN\,107653,2013,109666,1,711083,123011,0,T, ,08242,6,0,DB0013PG522,HORTONS ADD LOCKLING, , , , ,92101,6280380.11616,1843859.26045,1,N,688.6441016479645,12403.071094145453,SD,CEDAR,ST,W, ,148, , , ,31,60,311,SAN DIEGO, ,0,0, , , , , ,148,0, ,SD,12403.0585938,688.643449998
759837,5332530700,53325307,5201431,1,BLK 223*LOTS C & D*POR*,229629,40513,270142,1,442865,092717,0,T,Y,08001,3,1,DB0013PG522,HORTONS ADD LOCKLING,001,010,N,Y,92101-1956,6280435.94664,1844666.2596,1,N,261.70755464042975,3432.2213503118464,SD,FIR,ST, ,W,141, , , ,11,30,111,SAN DIEGO,20,384,0,N, ,000,03050,D050,141,0, ,SD,3432.22363281,261.707350002
770832,5332841200,53328412,22908,1,BLK 224*LOTS D THRU L\,5193424,7129506,12322930,1,737633,062303,1.07,T, ,08001,6,1,DB0013PG522,HORTONS ADD LOCKLING,000,000, , ,92101-2602,6280739,1844589.51852,1,N,997.022363656466,44874.36712067692,SD,ELM,ST, , ,120, , , ,77,60,770,SAN DIEGO,74,95874,0, , ,002,45000, ,120,0, ,SD,44874.40625,997.022373309
806292,5333530400,53335304,361533,1,BLK 33*LOT 2*,735034,0,735034,1,632485,072605,0,T, ,08242,6,0,CC1-1874,MIDDLETOWN, , ,N, ,92101-2538,6279877.1755,1843961.89412,1,N,300.4417395160901,5010.1271207151,SD,STATE,ST, , ,1653, , , ,20,60,200,SAN DIEGO, ,0,0,N, , ,05000, ,1653,0, ,SD,5010.12890625,300.441612054
825286,5332530200,53325302,193665,1,BLK 223*LOT L*,865803,461760,1327563,1,228300,050311,0,T, ,08001,6,10,DB0013PG522,HORTONS ADD LOCKLING,006,100, , ,92101-1954,6280513.11334,1844769.41274,1,N,300.5177904671729,4825.18096234339,SD,FIR,ST, ,W,101, , , ,14,60,140,SAN DIEGO,55,4822,44800, ,482, ,05000,D060,101,119, ,SD,4825.19140625,300.517892818
856961,5333660400,53336604,22904,1,BLK 209*LOTS H THRU L*ST CLSD ADJ & POR*,1675055,135810,1810865,1,148173,040317,0,T, ,08242,6,1,DB0013PG522,HORTONS ADD LOCKLING,000,000, , ,92101-3004,6280525.08388,1843954.2963,1,N,668.9365574405095,16661.53491618054,SD,1ST,AVE, , ,1666, , , ,27,60,270,SAN DIEGO,69,1602,0, , , ,15385,S,1666,0, ,SD,16661.5361328,668.936647573
900817,5333620600,53336206,22896,1,BLK 210*LOTS C THRU J*,6755905,12915044,19670949,1,401648,080811,0.92,T, ,08242,6,220,DB0013PG522,HORTONS ADD LOCKLING,000,000, , ,92101-3003,6280741.78086,1843841.46914,1,N,807.012681671197,40702.05683450889,SD,1ST,AVE, , ,1617, , , ,26,60,260,SAN DIEGO,70,99999,0, , , ,40075,C080,1617,0, ,SD,40702.0107422,807.012327218
919876,5333541200,53335412,11134,1,BLK E*LOTS 3 THRU 5*DOC97-295411 IN BLK208 1/2 DB\,2244738,29652689,31897427,1,077129,020911,0.62,T, ,08242,6,333,CC1-1874,MIDDLETOWN,000,000, , ,92101-2920,6280187.79029,1843827.44906,1,N,656.7857959471352,26647.095044127662,SD,FRONT,ST, , ,1646, , , ,26,60,260,SAN DIEGO,90,99999,0, ,000,000,00000, ,1646,0, ,SD,26647.0957031,656.786048352
968274,5332430800,53324308,405747,1,PAR 3\,0,0,0,1,092285,030714,0,N, ,08242,0,0,PM18747,PARCEL MAP NO 18747,000,000, , ,92101-2610,6279971.84391,1844131.8455,1,N,474.1641814758751,7652.470798704082,SD,DATE,ST, ,W,350, , , ,0,00,000,SAN DIEGO,00,0,0, ,000,000,00000, ,350,0, ,SD,7652.50585938,474.164545591
6327,5332230803,53322308,136030,1,BLK 43*US 3 PER DOCS05-587983&06-148000&UND INT IN LOT 8 IN\,137558,254323,391881,1,119079,040319,0,T, ,08242,1,1,CC1-1874,MIDDLETOWN,001,010, , ,92101-2249,6279292.96848,1844777.3192,1,N,300.6181059854389,5015.421837860582,SD,COLUMBIA,ST, , ,1918, , ,03,17,10,171,SAN DIEGO,06,792,0, ,001,000,00000,D070,1918,0, ,SD,5015.43261719,300.618300839
10735,5332230711,53322307,193650,1,BLK 43*US 11PER DOCS92-654856&92-807132&UND INT IN LOT 7\,44349,142038,186387,2,609048,110910,0,T, ,08242,1,1,CC1-1874,MIDDLETOWN,001,010, , ,92101-2231,6279309.62462,1844730.90803,1,N,300.6556231158191,5016.395277863319,SD,FIR,ST, ,W,602, , ,304,17,10,171,SAN DIEGO,93,662,0, ,001,000,00000,D070,602,0, ,SD,5016.39453125,300.655566081
11394,5332230710,53322307,193650,1,BLK 43*US 10PER DOCS92-654856&92-807132&UND INT IN LOT 7\,30463,91330,121793,1,192136,032394,0,T, ,08242,1,1,CC1-1874,MIDDLETOWN,001,010, , ,92101-2231,6279309.62462,1844730.90803,1,N,300.6556231158191,5016.395277863319,SD,FIR,ST, ,W,602, , ,301,17,10,170,SAN DIEGO,93,680,0, ,001,000,00000,D070,602,0, ,SD,5016.39453125,300.655566081
12047,5332230707,53322307,193650,1,BLK 43*US 7 PER DOCS92-654856&92-807132&UND INT IN LOT 7\,77284,67447,144731,1,554466,083198,0,T,Y,08242,1,1,CC1-1874,MIDDLETOWN,001,010, ,N,92101-2200,6279309.62462,1844730.90803,1,N,300.6556231158191,5016.395277863319,SD,FIR,ST, ,W,602, , ,201,17,10,170,SAN DIEGO,93,682,0,N,001,000,00000,D070,602,0, ,SD,5016.39453125,300.655566081
14058,5332410100,53324101,136019,1,BLK 37*LOT 2*,346887,0,346887,2,733141,111098,0,T, ,08242,6,0,CC1-1874,MIDDLETOWN,000,000, , ,92101,6279518.60425,1844655.846,1,N,315.48794255495636,5809.185554322117,SD,COLUMBIA,ST, , ,0, , , ,26,60,260,SAN DIEGO,86,0,0, , , ,06076,D060,0,0, ,SD,5809.16601563,315.487584458
18767,5333131021,53331310,258424,1,LOT 1*US 21PER DOC06-117660&UND INT IN\,178299,219903,398202,1,451526,071913,0,T, ,08242,1,1,015269, ,003,020, , ,92101-2541,6279052.15112,1843842.83933,1,N,600.8015658558849,20049.950542837152,SD,KETTNER,BLVD, , ,1601, , ,21,17,10,171,SAN DIEGO,01,1053,0, ,000,000,00000,D060,1601,0, ,SD,20049.9472656,600.801536837
20113,5333131023,53331310,258424,1,LOT 1*US 23PER DOC06-117660&UND INT IN\,179891,210660,390551,1,002510,010515,0,T, ,08242,1,1,015269, ,001,010, , ,92101-2542,6279052.15112,1843842.83933,1,N,600.8015658558849,20049.950542837152,SD,KETTNER,BLVD, , ,1601, , ,23,17,10,171,SAN DIEGO,01,703,0, ,000,000,00000,D060,1601,0, ,SD,20049.9472656,600.801536837
21795,5333131031,53331310,258424,1,LOT 1*US 31PER DOC06-117660&UND INT IN\,260052,319493,579545,1,624025,101112,0,T,Y,08242,1,1,015269, ,002,010, , ,92101-2543,6279052.15112,1843842.83933,1,N,600.8015658558849,20049.950542837152,SD,KETTNER,BLVD, , ,1601, , ,31,17,10,171,SAN DIEGO,01,1232,0, ,000,000,00000,D060,1601,0, ,SD,20049.9472656,600.801536837
23619,5333131025,53331310,258424,1,LOT 1*US 25PER DOC06-117660&UND INT IN\,464445,144494,608939,1,167213,042618,0,T, ,08242,1,1,015269, ,002,020, ,N,92101-2542,6279052.15112,1843842.83933,1,N,600.8015658558849,20049.950542837152,SD,KETTNER,BLVD, , ,1601, , ,25,17,10,171,SAN DIEGO,01,937,0, ,000,000,00000,D060,1601,0, ,SD,20049.9472656,600.801536837
24828,5333131010,53331310,258424,1,LOT 1*US 10PER DOC06-117660&UND INT IN\,222853,111426,334279,2,081630,022516,0,T, ,08242,1,1,015269, ,001,010, ,N,92101-2539,6279052.15112,1843842.83933,1,N,600.8015658558849,20049.950542837152,SD,KETTNER,BLVD, , ,1601, , ,10,17,10,171,SAN DIEGO,01,719,0, ,001,000,00000,D060,1601,0, ,SD,20049.9472656,600.801536837
33780,5332440200,53324402,136011,1,BLK 34*LOT 2*,1080896,180149,1261045,2,340952,051807,0,T,Y,08242,6,1,CC1-1874,MIDDLETOWN,003,010,N, ,92101-2503,6279580.10706,1844274.99159,1,N,295.92886913117127,4881.005034086883,SD,COLUMBIA,ST, , ,1741, , , ,11,60,111,SAN DIEGO,36,1622,0,N,002, ,05000,D060C,1741,0, ,SD,4881.00488281,295.928933608
54354,5332411000,53324110,193654,1,BLK 37*LOTS 11 & 12*,489552,0,489552,1,645894,100992,0,T, ,08242,6,0,CC1-1874,MIDDLETOWN,000,000, , ,92101,6279612.5215,1844680.21275,1,N,350.65366944992,7517.709928213309,SD,COLUMBIA,ST, , ,0, , , ,26,60,260,SAN DIEGO,86,0,0, , , ,07938,D060,0,0, ,SD,7517.70019531,350.653485223
60944,5332240200,53322402,244349,1,BLK 42*LOTS 8 THRU 11*LOTS 2 & 3 &*,290154,292220,582374, ,016943,000000,0.69,T, ,08242,6,0,CC1-1874,MIDDLETOWN,000,000, , ,92101-2215,6278973.11255,1844754.51627,1,N,799.3134134910068,29947.665520454906,SD,INDIA,ST, , ,1920, , , ,39,60,390,SAN DIEGO,00,0,0, , , , , ,1920,0, ,SD,29947.6972656,799.313698007
68416,5333131027,53331310,258424,1,LOT 1*US 27PER DOC06-117660&UND INT IN\,284260,324871,609131,1,182406,042016,0,T, ,08242,1,1,015269, ,002,020, , ,92101-2542,6279052.15112,1843842.83933,1,N,600.8015658558849,20049.950542837152,SD,KETTNER,BLVD, , ,1601, , ,27,17,10,171,SAN DIEGO,01,937,0, ,000,000,00000,D060,1601,0, ,SD,20049.9472656,600.801536837
68924,5332231344,53322313,136033,1,LOT 2*USS405PER DOC06-88394&UND INT IN\,134727,300158,434885,1,241466,053017,0,T, ,08242,1,1,015180, ,002,020, ,Y,92101-2247,6279252.24935,1844889.78344,1,N,601.1440794639361,20083.766419347226,SD,COLUMBIA,ST, , ,1970, , ,405,17,10,171,SAN DIEGO,04,796,0,N,001, , ,D070,1970,0, ,SD,20083.7705078,601.144204515
68925,5332231361,53322313,136033,1,LOT 2*USS503PER DOC06-88394&UND INT IN\,105058,212241,317299,1,391386,072415,0,T, ,08242,1,1,015180, ,001,010, ,Y,92101-2247,6279252.24935,1844889.78344,1,N,601.1440794639361,20083.766419347226,SD,COLUMBIA,ST, , ,1970, , ,503,17,10,171,SAN DIEGO,04,603,0,N,001, , ,D070,1970,0, ,SD,20083.7705078,601.144204515
73572,5332231310,53322313,136033,1,LOT 2*USS209PER DOC06-88394&UND INT IN\,306000,168300,474300,1,129636,040218,0,T, ,08242,1,1,015180, ,002,020, ,N,92101-2245,6279252.24935,1844889.78344,1,N,601.1440794639361,20083.766419347226,SD,COLUMBIA,ST, , ,1970, , ,209,17,10,171,SAN DIEGO,04,807,0,N,001, , ,D070,1970,0, ,SD,20083.7705078,601.144204515
105570,5332320300,53323203,258431,1,BLK 39*LOT 3*S 4 FT LOT 2 & /EXC S 4 FT/*,336306,24005,360311,2,733136,111098,0,T, ,08242,7,1,CC1-1874,MIDDLETOWN,003,010,N, ,92101-2523,6279014.05015,1844367.5171,1,N,290.47483684622483,4692.970306163131,SD,KETTNER,BLVD, , ,1753, , , ,11,70,110,SAN DIEGO,13,1216,0,N,002, ,04900,D045B,1753,0, ,SD,4692.97949219,290.474489747
108247,5332240300,53322403,258444,1,BLK 42*LOT 4*,1951698,1865599,3817297,1,388577,060807,0,T, ,08242,7,1,CC1-1874,MIDDLETOWN,000,000, , ,92101-2228,6278924.64226,1844692.81466,1,N,299.46130745484083,4990.8844211337855,SD,KETTNER,BLVD, , ,1929, , , ,41,70,411,SAN DIEGO,00,0,0, , , , , ,1929,0, ,SD,4990.86425781,299.460703622
111300,5332411300,53324113,180185,1,PAR 1\,5710173,30600000,36310173,1,587634,100515,0,T, ,08242,6,99,PM21276, , , , , ,92101-2794,6279645.598,1844494.22625,1,N,589.4498832912584,14607.03115194561,SD,STATE,ST, , ,1810, , , ,16,60,160,SAN DIEGO,17,71517,0, , , ,14614,D075,1810,0, ,SD,14607.0449219,589.450064035
115366,5333131006,53331310,258424,1,LOT 1*US 6 PER DOC06-117660&UND INT IN\,152006,136804,288810,1,708469,111412,0,T, ,08242,1,1,015269, ,001,010, , ,92101-2537,6279052.15112,1843842.83933,1,N,600.8015658558849,20049.950542837152,SD,KETTNER,BLVD, , ,1601, , ,06,17,10,171,SAN DIEGO,01,751,0, ,000,000,00000,D060,1601,0, ,SD,20049.9472656,600.801536837
141969,5333510200,53335102,244448,3,BLK 31*LOT 2*,3570000,663000,4233000,1,032876,012618,0,T, ,08242,6,1,CC1-1874,MIDDLETOWN,000,000, , ,92101-2515,6279328.36775,1843965.53099,1,N,299.5539471271682,4989.030951903195,SD,INDIA,ST, , ,1655, , , ,21,60,210,SAN DIEGO,25,3355,5000, , , ,05000,S,1655,0, ,SD,4989.03125,299.553848742
148699,5333130600,53331306,244443,1,BLK 30*LOT 10*,810478,264569,1075047,2,945165,100504,0,T, ,08242,6,1,CC1-1874,MIDDLETOWN,000,000, , ,92101-2516,6279152.98759,1843916.99963,1,N,300.357165145102,5006.977669794349,SD,INDIA,ST, , ,1644, , , ,21,60,210,SAN DIEGO,75,2448,0, , , ,05000,C055,1644,1646, ,SD,5006.984375,300.357262756
153226,5332332200,53323322,136009,1,BLK 38*LOT 15*NLY 16 1/2 FT LOT 14 & SLY 17 FT*,66981,26368,93349,1,047098,020819,0,T, ,08242,6,1,CC1-1874,MIDDLETOWN,002,010, ,N,92101-2504,6279390.87176,1844351.58835,1,N,265.3045203908398,3349.8497334662734,SD,COLUMBIA,ST, , ,1762, , , ,11,60,110,SAN DIEGO,00,1376,0,N,002, , ,D045C,1762,0, ,SD,3349.84375,265.304454892
159239,5333131001,53331310,258424,1,LOT 1*US 1 PER DOC06-117660&UND INT IN\,161610,173155,334765,1,433690,081308,0,T,Y,08242,1,1,015269, ,001,010, , ,92101-2537,6279052.15112,1843842.83933,1,N,600.8015658558849,20049.950542837152,SD,KETTNER,BLVD, , ,1601, , ,01,17,10,171,SAN DIEGO,01,748,0, ,000,000,00000,D060,1601,0, ,SD,20049.9472656,600.801536837
160614,5332321200,53323212,244333,1,BLK 39*LOT 12*,54855,28555,83410,3,904560,051594,0,T,Y,08242,6,5,CC1-1874,MIDDLETOWN,000,000, , ,92101-2518,6279120.33734,1844328.19389,1,N,309.18667508407816,5354.694265310948,SD,INDIA,ST, , ,1744, , , ,14,60,140,SAN DIEGO,00,0,0, , , , , ,1744,1752, ,SD,5354.68847656,309.186297912
168509,5332230810,53322308,136030,1,BLK 43*US 10PER DOCS05-587983&06-148000&UND INT IN LOT 8 IN\,271393,330997,602390,1,493797,091916,0,T,Y,08242,1,1,CC1-1874,MIDDLETOWN,002,020, , ,92101-2249,6279292.96848,1844777.3192,1,N,300.6181059854389,5015.421837860582,SD,COLUMBIA,ST, , ,1918, , ,10,17,10,171,SAN DIEGO,06,1058,0, ,001,000,00000,D070,1918,0, ,SD,5015.43261719,300.618300839
179157,5333131011,53331310,258424,1,LOT 1*US 11PER DOC06-117660&UND INT IN\,222853,111426,334279,2,081630,022516,0,T, ,08242,1,1,015269, ,001,010, , ,92101-2539,6279052.15112,1843842.83933,1,N,600.8015658558849,20049.950542837152,SD,KETTNER,BLVD, , ,1601, , ,11,17,10,171,SAN DIEGO,01,741,0, ,000,000,00000,D060,1601,0, ,SD,20049.9472656,600.801536837
182100,5333131003,53331310,258424,1,LOT 1*US 3 PER DOC06-117660&UND INT IN\,103255,199628,302883,2,183692,032213,0,T, ,08242,1,1,015269, ,001,010, , ,92101-2537,6279052.15112,1843842.83933,1,N,600.8015658558849,20049.950542837152,SD,KETTNER,BLVD, , ,1601, , ,03,17,10,171,SAN DIEGO,01,794,0, ,000,000,00000,D060,1601,0, ,SD,20049.9472656,600.801536837
184281,5332230807,53322308,136030,1,BLK 43*US 7 PER DOCS05-587983&06-148000&UND INT IN LOT 8 IN\,105908,266787,372695,1,281827,051412,0,T,Y,08242,1,1,CC1-1874,MIDDLETOWN,002,020, , ,92101-2249,6279292.96848,1844777.3192,1,N,300.6181059854389,5015.421837860582,SD,COLUMBIA,ST, , ,1918, , ,07,17,10,171,SAN DIEGO,06,1046,0, ,001,000,00000,D070,1918,0, ,SD,5015.43261719,300.618300839
184615,5332230804,53322308,136030,1,BLK 43*US 4 PER DOCS05-587983&06-148000&UND INT IN LOT 8 IN\,153846,247254,401100,1,032041,012414,0,T, ,08242,1,1,CC1-1874,MIDDLETOWN,001,010, , ,92101-2249,6279292.96848,1844777.3192,1,N,300.6181059854389,5015.421837860582,SD,COLUMBIA,ST, , ,1918, , ,04,17,10,171,SAN DIEGO,06,822,0, ,001,000,00000,D070,1918,0, ,SD,5015.43261719,300.618300839
193259,5332230806,53322308,136030,1,BLK 43*US 6 PER DOCS05-587983&06-148000&UND INT IN LOT 8 IN\,168000,357000,525000,1,371851,052506,0,T, ,08242,1,1,CC1-1874,MIDDLETOWN,003,030, , ,92101-2249,6279292.96848,1844777.3192,1,N,300.6181059854389,5015.421837860582,SD,COLUMBIA,ST, , ,1918, , ,06,17,10,171,SAN DIEGO,06,1281,0, ,001,000,00000,D070,1918,0, ,SD,5015.43261719,300.618300839
202883,5332240702,53322407,5280313,1,PAR 1*US 2 PER DOC15-0666293&UND INT IN\,3107538,8906465,12014003,1,667199,123015,0,T, ,08242,6,1,PM20694, , , , , ,92101-2203,6279005.2795,1844615.28975,1,N,498.5982843209388,9977.676207451701,SD,FIR,ST,W, ,750, , , ,21,60,217,SAN DIEGO, ,0,0, , , , , ,750,0, ,SD,9977.64746094,498.598014388
204703,5332231359,53322313,136033,1,LOT 2*USS501PER DOC06-88394&UND INT IN\,95580,212404,307984,1,312104,051713,0,T,Y,08242,1,1,015180, ,001,010, ,Y,92101-2247,6279252.24935,1844889.78344,1,N,601.1440794639361,20083.766419347226,SD,COLUMBIA,ST, , ,1970, , ,501,17,10,171,SAN DIEGO,04,585,0,N,001, , ,D070,1970,0, ,SD,20083.7705078,601.144204515
216499,5333130100,53331301,258422,3,BLK 30*LOT 1*,50509,4319,54828,1,240146,053017,0,T, ,08242,7,2,CC1-1874,MIDDLETOWN,000,000, , ,92101-2521,6279053.08066,1844018.89506,1,N,300.42300805271475,5010.56297189093,SD,KETTNER,BLVD, , ,1671, , , ,13,70,130,SAN DIEGO,00,0,0, , , , , ,1671,1673, ,SD,5010.56835938,300.423143259
216500,5332410800,53324108,361554,1,BLK 37*LOT 9*,255271,3657,258928,2,733137,111098,0,T, ,08242,6,0,CC1-1874,MIDDLETOWN,000,000, , ,92101-2514,6279629.25975,1844567.5665,1,N,294.6258210821451,4866.493915975394,SD,STATE,ST, , ,1830, , , ,31,60,310,SAN DIEGO,00,0,0, , , ,04900, ,1830,0, ,SD,4866.49023438,294.625765905
218647,5332231331,53322313,136033,1,LOT 2*USS311PER DOC06-88394&UND INT IN\,69260,202017,271277,2,428749,073109,0,T, ,08242,1,1,015180, ,002,020, ,N,92101-2245,6279252.24935,1844889.78344,1,N,601.1440794639361,20083.766419347226,SD,COLUMBIA,ST, , ,1970, , ,311,17,10,171,SAN DIEGO,04,817,0,N,001, , ,D070,1970,0, ,SD,20083.7705078,601.144204515
218652,5332231371,53322313,136033,1,LOT 2*USS513PER DOC06-88394&UND INT IN\,102804,212464,315268,2,254136,052516,0,T, ,08242,1,1,015180, ,002,020, ,N,92101-2248,6279252.24935,1844889.78344,1,N,601.1440794639361,20083.766419347226,SD,COLUMBIA,ST, , ,1970, , ,513,17,10,171,SAN DIEGO,04,911,0,N,001, , ,D070,1970,0, ,SD,20083.7705078,601.144204515
218657,5332231317,53322313,136033,1,LOT 2*USS216PER DOC06-88394&UND INT IN\,80802,177768,258570,1,625768,120715,0,T, ,08242,1,1,015180, ,000,010, ,N,92101-2245,6279252.24935,1844889.78344,1,N,601.1440794639361,20083.766419347226,SD,COLUMBIA,ST, , ,1970, , ,216,17,10,171,SAN DIEGO,04,450,0,N,001, , ,D070,1970,0, ,SD,20083.7705078,601.144204515
219412,5332231372,53322313,136033,1,LOT 2*USS514PER DOC06-88394&UND INT IN\,86577,173156,259733,2,003216,010313,0,T, ,08242,1,1,015180, ,001,010, ,Y,92101-2248,6279252.24935,1844889.78344,1,N,601.1440794639361,20083.766419347226,SD,COLUMBIA,ST, , ,1970, , ,514,17,10,171,SAN DIEGO,04,631,0,N,001, , ,D070,1970,0, ,SD,20083.7705078,601.144204515
219584,5332231353,53322313,136033,1,LOT 2*USS414PER DOC06-88394&UND INT IN\,117000,228000,345000,1,140129,022806,0,T, ,08242,1,1,015180, ,001,010, ,Y,92101-2247,6279252.24935,1844889.78344,1,N,601.1440794639361,20083.766419347226,SD,COLUMBIA,ST, , ,1970, , ,414,17,10,171,SAN DIEGO,04,631,0,N,001, , ,D070,1970,0, ,SD,20083.7705078,601.144204515
220535,5332231349,53322313,136033,3,LOT 2*USS410PER DOC06-88394&UND INT IN\,89676,178301,267977,1,073046,022819,0,T, ,08242,1,1,015180, ,002,020, ,N,92101-2247,6279252.24935,1844889.78344,1,N,601.1440794639361,20083.766419347226,SD,COLUMBIA,ST, , ,1970, , ,410,17,10,171,SAN DIEGO,04,828,0,N,001, , ,D070,1970,0, ,SD,20083.7705078,601.144204515
220536,5332231354,53322313,136033,1,LOT 2*USS415PER DOC06-88394&UND INT IN\,57715,138523,196238,1,337360,061909,0,T, ,08242,1,1,015180, ,001,010, ,Y,92101-2247,6279252.24935,1844889.78344,1,N,601.1440794639361,20083.766419347226,SD,COLUMBIA,ST, , ,1970, , ,415,17,10,171,SAN DIEGO,04,609,0,N,001, , ,D070,1970,0, ,SD,20083.7705078,601.144204515
220537,5332231320,53322313,136033,1,LOT 2*USS300PER DOC06-88394&UND INT IN\,69425,173568,242993,1,638822,111910,0,T, ,08242,1,1,015180, ,001,010, ,Y,92101-2245,6279252.24935,1844889.78344,1,N,601.1440794639361,20083.766419347226,SD,COLUMBIA,ST, , ,1970, , ,300,17,10,171,SAN DIEGO,04,459,0,N,001, , ,D070,1970,0, ,SD,20083.7705078,601.144204515
220538,5332231324,53322313,136033,1,LOT 2*USS304PER DOC06-88394&UND INT IN\,52827,119442,172269,1,082766,030218,0,T, ,08242,1,1,015180, ,001,010, ,Y,92101-2245,6279252.24935,1844889.78344,1,N,601.1440794639361,20083.766419347226,SD,COLUMBIA,ST, , ,1970, , ,304,17,10,171,SAN DIEGO,04,631,0,N,001, , ,D070,1970,0, ,SD,20083.7705078,601.144204515
227767,5332321600,53323216,258434,1,BLK 39*LOTS 6&7*S 4 FT OF LOT 5&ALL OF\,4395668,1428591,5824259,1,106149,031814,0,T, ,08242,6,1,CC1-1874,MIDDLETOWN,000,000, , ,92101-2527,6279040.09336,1844192.66256,1,N,430.8588455794256,11445.89506332921,SD,KETTNER,BLVD, , ,1717, , , ,21,60,210,SAN DIEGO,80,16584,17276, , , ,11321,D075,1717,0, ,SD,11445.9082031,430.85894636
230233,5332330200,53323302,722769,1,BLK 38*LOT 2*,54855,5151,60006,6,113944,032919,0,T, ,08242,6,0,CC1-1874,MIDDLETOWN,000,000, , ,92101,6279267.38899,1844509.66093,1,N,292.00697817081596,4924.685988138757,SD,INDIA,ST, , ,0, , , ,31,60,310,SAN DIEGO,00,0,0, , , , , ,0,0, ,SD,4924.69921875,292.007299838
230805,5333131012,53331310,258424,1,LOT 1*US 12PER DOC06-117660&UND INT IN\,167806,163287,331093,1,458900,083115,0,T,Y,08242,1,1,015269, ,001,010, , ,92101-2539,6279052.15112,1843842.83933,1,N,600.8015658558849,20049.950542837152,SD,KETTNER,BLVD, , ,1601, , ,12,17,10,171,SAN DIEGO,01,694,0, ,000,000,00000,D060,1601,0, ,SD,20049.9472656,600.801536837
232485,5333510300,53335103,244449,1,BLK 31*LOT 3*,1766243,588745,2354988,1,333872,062008,0,T, ,08242,6,1,CC1-1874,MIDDLETOWN,000,000, , ,92101-2515,6279327.90184,1843915.52929,1,N,299.5784933698335,4989.636051160477,SD,INDIA,ST, , ,1643, , , ,21,60,210,SAN DIEGO,00,0,0, , , , , ,1643,0, ,SD,4989.64160156,299.578538417
238549,5333510800,53335108,136001,1,BLK 31*LOT 12*,1987030,0,1987030,1,401579,091714,0,T, ,08242,6,0,CC1-1874,MIDDLETOWN,000,000, , ,92101-2502,6279428.59115,1844014.80442,1,N,299.51866846050837,4987.933724121933,SD,COLUMBIA,ST, , ,1668, , , ,21,60,217,SAN DIEGO, ,0,0, , , ,05000, ,1668,0, ,SD,4987.93164063,299.518674157
243928,5332231339,53322313,136033,1,LOT 2*USS400PER DOC06-88394&UND INT IN\,96168,211579,307747,1,062062,021116,0,T, ,08242,1,1,015180, ,001,010, ,Y,92101-2247,6279252.24935,1844889.78344,1,N,601.1440794639361,20083.766419347226,SD,COLUMBIA,ST, , ,1970, , ,400,17,10,171,SAN DIEGO,04,459,0,N,001, , ,D070,1970,0, ,SD,20083.7705078,601.144204515
243929,5332231340,53322313,136033,1,LOT 2*USS401PER DOC06-88394&UND INT IN\,68178,151382,219560,1,428333,081911,0,T,Y,08242,1,1,015180, ,001,010, ,Y,92101-2247,6279252.24935,1844889.78344,1,N,601.1440794639361,20083.766419347226,SD,COLUMBIA,ST, , ,1970, , ,401,17,10,171,SAN DIEGO,04,585,0,N,001, , ,D070,1970,0, ,SD,20083.7705078,601.144204515
243930,5332231341,53322313,136033,1,LOT 2*USS402PER DOC06-88394&UND INT IN\,104886,201708,306594,1,705860,120413,0,T, ,08242,1,1,015180, ,001,010, ,Y,92101-2247,6279252.24935,1844889.78344,1,N,601.1440794639361,20083.766419347226,SD,COLUMBIA,ST, , ,1970, , ,402,17,10,171,SAN DIEGO,04,581,0,N,001, , ,D070,1970,0, ,SD,20083.7705078,601.144204515
243931,5332231342,53322313,136033,1,LOT 2*USS403PER DOC06-88394&UND INT IN\,114114,248984,363098,1,521754,092916,0,T, ,08242,1,1,015180, ,001,010, ,Y,92101-2247,6279252.24935,1844889.78344,1,N,601.1440794639361,20083.766419347226,SD,COLUMBIA,ST, , ,1970, , ,403,17,10,171,SAN DIEGO,04,603,0,N,001, , ,D070,1970,0, ,SD,20083.7705078,601.144204515
244690,5332231337,53322313,136033,1,LOT 2*USS317PER DOC06-88394&UND INT IN\,98872,215578,314450,1,697714,112713,0,T, ,08242,1,1,015180, ,001,010, ,N,92101-2247,6279252.24935,1844889.78344,1,N,601.1440794639361,20083.766419347226,SD,COLUMBIA,ST, , ,1970, , ,317,17,10,171,SAN DIEGO,04,599,0,N,001, , ,D070,1970,0, ,SD,20083.7705078,601.144204515
245237,5332231348,53322313,136033,1,LOT 2*USS409PER DOC06-88394&UND INT IN\,160000,260000,420000,1,301171,060409,0,T, ,08242,1,1,015180, ,002,020, ,N,92101-2247,6279252.24935,1844889.78344,1,N,601.1440794639361,20083.766419347226,SD,COLUMBIA,ST, , ,1970, , ,409,17,10,171,SAN DIEGO,04,807,0,N,001, , ,D070,1970,0, ,SD,20083.7705078,601.144204515
248311,5332231302,53322313,136033,1,LOT 2*USS201PER DOC06-88394&UND INT IN\,100196,163763,263959,1,044327,013015,0,T, ,08242,1,1,015180, ,001,010, ,N,92101-2245,6279252.24935,1844889.78344,1,N,601.1440794639361,20083.766419347226,SD,COLUMBIA,ST, , ,1970, , ,201,17,10,171,SAN DIEGO,04,585,0,N,001, , ,D070,1970,0, ,SD,20083.7705078,601.144204515
256455,5332231311,53322313,136033,1,LOT 2*USS210PER DOC06-88394&UND INT IN\,86896,225940,312836,6,002198,062812,0,T,Y,08242,1,1,015180, ,002,020, ,N,92101-2245,6279252.24935,1844889.78344,1,N,601.1440794639361,20083.766419347226,SD,COLUMBIA,ST, , ,1970, , ,210,17,10,171,SAN DIEGO,04,828,0,N,001, , ,D070,1970,0, ,SD,20083.7705078,601.144204515
256695,5332231366,53322313,136033,1,LOT 2*USS508PER DOC06-88394&UND INT IN\,60048,129629,189677,1,849013,112906,0,T, ,08242,1,1,015180, ,000,010, ,N,92101-2247,6279252.24935,1844889.78344,1,N,601.1440794639361,20083.766419347226,SD,COLUMBIA,ST, , ,1970, , ,508,17,10,171,SAN DIEGO,04,365,0,N,001, , ,D070,1970,0, ,SD,20083.7705078,601.144204515
256697,5332231308,53322313,136033,1,LOT 2*USS207PER DOC06-88394&UND INT IN\,106811,235395,342206,1,447497,073112,0,T, ,08242,1,1,015180, ,002,020, ,N,92101-2245,6279252.24935,1844889.78344,1,N,601.1440794639361,20083.766419347226,SD,COLUMBIA,ST, , ,1970, , ,207,17,10,171,SAN DIEGO,04,805,0,N,001, , ,D070,1970,0, ,SD,20083.7705078,601.144204515
257822,5332231315,53322313,136033,1,LOT 2*USS214PER DOC06-88394&UND INT IN\,114376,278323,392699,1,255878,062218,0,T, ,08242,1,1,015180, ,001,010, ,N,92101-2245,6279252.24935,1844889.78344,1,N,601.1440794639361,20083.766419347226,SD,COLUMBIA,ST, , ,1970, , ,214,17,10,171,SAN DIEGO,04,631,0,N,001, , ,D070,1970,0, ,SD,20083.7705078,601.144204515
259197,5332231333,53322313,136033,1,LOT 2*USS313PER DOC06-88394&UND INT IN\,93056,205322,298378,1,279436,051112,0,T, ,08242,1,1,015180, ,002,020, ,N,92101-2247,6279252.24935,1844889.78344,1,N,601.1440794639361,20083.766419347226,SD,COLUMBIA,ST, , ,1970, , ,313,17,10,171,SAN DIEGO,04,911,0,N,001, , ,D070,1970,0, ,SD,20083.7705078,601.144204515
259281,5332231313,53322313,136033,1,LOT 2*USS212PER DOC06-88394&UND INT IN\,80392,200984,281376,1,579053,102710,0,T,Y,08242,1,1,015180, ,002,010, ,N,92101-2245,6279252.24935,1844889.78344,1,N,601.1440794639361,20083.766419347226,SD,COLUMBIA,ST, , ,1970, , ,212,17,10,171,SAN DIEGO,04,811,0,N,001, , ,D070,1970,0, ,SD,20083.7705078,601.144204515
259928,5332231335,53322313,136033,1,LOT 2*USS315PER DOC06-88394&UND INT IN\,57715,135061,192776,2,149659,033015,0,T, ,08242,1,1,015180, ,001,010, ,N,92101-2247,6279252.24935,1844889.78344,1,N,601.1440794639361,20083.766419347226,SD,COLUMBIA,ST, , ,1970, , ,315,17,10,171,SAN DIEGO,04,609,0,N,001, , ,D070,1970,0, ,SD,20083.7705078,601.144204515
265442,5332231378,53322313,136033,1,LOT 2*USCU-1PERD06-92640&10-432311&UND INT IN\,882043,1118780,2000823,1,243819,040706,0,T, ,08242,6,1,015180, , , , , ,92101-2244,6279252.24935,1844889.78344,1,N,601.1440794639361,20083.766419347226,SD,COLUMBIA,ST, , ,1970, , ,01,21,60,210,SAN DIEGO,04,3423,0, , , , ,D070,1970,0, ,SD,20083.7705078,601.144204515
266113,5332231347,53322313,136033,1,LOT 2*USS408PER DOC06-88394&UND INT IN\,43911,95425,139336,1,238406,042412,0,T, ,08242,1,1,015180, ,000,010, ,N,92101-2247,6279252.24935,1844889.78344,1,N,601.1440794639361,20083.766419347226,SD,COLUMBIA,ST, , ,1970, , ,408,17,10,171,SAN DIEGO,04,365,0,N,001, , ,D070,1970,0, ,SD,20083.7705078,601.144204515
266377,5332231368,53322313,136033,1,LOT 2*USS510PER DOC06-88394&UND INT IN\,247160,253840,501000,1,297095,072018,0,T,Y,08242,1,1,015180, ,002,020, ,N,92101-2248,6279252.24935,1844889.78344,1,N,601.1440794639361,20083.766419347226,SD,COLUMBIA,ST, , ,1970, , ,510,17,10,171,SAN DIEGO,04,828,0,N,001, , ,D070,1970,0, ,SD,20083.7705078,601.144204515
267898,5333521200,53335212,361531,1,BLK 32*LOT 10*N 30 FT*,999651,24984,1024635,1,371637,052506,0,T, ,08242,6,1,CC1-1874,MIDDLETOWN,003,010,N, ,92101-2512,6279701.9214,1843922.9929,1,N,259.0112858600526,2985.176904436388,SD,STATE,ST, , ,1648, , , ,21,60,210,SAN DIEGO,05,1508,0,N, , ,03000,D045,1648,0, ,SD,2985.15527344,259.010883551
271785,5332230713,53322307,193650,1,BLK 43*US 13PER DOCS92-654856&92-807132&UND INT IN LOT 7\,143560,315835,459395,1,489507,091610,0,T, ,08242,1,1,CC1-1874,MIDDLETOWN,002,025, ,Y,92101-2231,6279309.62462,1844730.90803,1,N,300.6556231158191,5016.395277863319,SD,FIR,ST, ,W,602, , ,303,17,10,171,SAN DIEGO,93,950,0, ,001,000,00000,D070,602,0, ,SD,5016.39453125,300.655566081
271929,5332230717,53322307,193650,1,BLK 43*US 17PER DOCS92-654856&92-807132&UND INT IN LOT 7\,144353,110400,254753,1,631863,090506,0,T, ,08242,1,1,CC1-1874,MIDDLETOWN,002,020, , ,92101-2238,6279309.62462,1844730.90803,1,N,300.6556231158191,5016.395277863319,SD,FIR,ST, ,W,602, , ,402,17,10,170,SAN DIEGO,93,880,0, ,001,000,00000,D070,602,0, ,SD,5016.39453125,300.655566081
277748,5332230808,53322308,136030,1,BLK 43*US 8 PER DOCS05-587983&06-148000&UND INT IN LOT 8 IN\,152981,301675,454656,1,221493,051016,0,T, ,08242,1,1,CC1-1874,MIDDLETOWN,001,010, , ,92101-2249,6279292.96848,1844777.3192,1,N,300.6181059854389,5015.421837860582,SD,COLUMBIA,ST, , ,1918, , ,08,17,10,171,SAN DIEGO,06,924,0, ,001,000,00000,D070,1918,0, ,SD,5015.43261719,300.618300839
278280,5332231326,53322313,136033,1,LOT 2*USS306PER DOC06-88394&UND INT IN\,166000,284000,450000,1,675589,120810,0,T, ,08242,1,1,015180, ,002,020, ,Y,92101-2245,6279252.24935,1844889.78344,1,N,601.1440794639361,20083.766419347226,SD,COLUMBIA,ST, , ,1970, , ,306,17,10,171,SAN DIEGO,04,1064,0,N,001, , ,D070,1970,0, ,SD,20083.7705078,601.144204515
278406,5332231336,53322313,136033,1,LOT 2*USS316PER DOC06-88394&UND INT IN\,108916,239616,348532,1,171762,041817,0,T, ,08242,1,1,015180, ,001,010, ,N,92101-2247,6279252.24935,1844889.78344,1,N,601.1440794639361,20083.766419347226,SD,COLUMBIA,ST, , ,1970, , ,316,17,10,171,SAN DIEGO,04,561,0,N,001, , ,D070,1970,0, ,SD,20083.7705078,601.144204515
285514,5332231330,53322313,136033,1,LOT 2*USS310PER DOC06-88394&UND INT IN\,166000,244000,410000,1,357676,051906,0,T,Y,08242,1,1,015180, ,002,020, ,N,92101-2245,6279252.24935,1844889.78344,1,N,601.1440794639361,20083.766419347226,SD,COLUMBIA,ST, , ,1970, , ,310,17,10,170,SAN DIEGO,04,828,0,N,001, , ,D070,1970,0, ,SD,20083.7705078,601.144204515
285519,5332231367,53322313,136033,1,LOT 2*USS509PER DOC06-88394&UND INT IN\,86576,219332,305908,1,015100,011309,0,T, ,08242,1,1,015180, ,002,020, ,N,92101-2248,6279252.24935,1844889.78344,1,N,601.1440794639361,20083.766419347226,SD,COLUMBIA,ST, , ,1970, , ,509,17,10,171,SAN DIEGO,04,807,0,N,001, , ,D070,1970,0, ,SD,20083.7705078,601.144204515
285522,5332231314,53322313,136033,1,LOT 2*USS213PER DOC06-88394&UND INT IN\,141000,264000,405000,1,536441,081007,0,T, ,08242,1,1,015180, ,002,020, ,N,92101-2245,6279252.24935,1844889.78344,1,N,601.1440794639361,20083.766419347226,SD,COLUMBIA,ST, , ,1970, , ,213,17,10,171,SAN DIEGO,04,911,0,N,001, , ,D070,1970,0, ,SD,20083.7705078,601.144204515
285525,5332231319,53322313,136033,1,LOT 2*USS218PER DOC06-88394&UND INT IN\,84068,200774,284842,1,613618,082806,0,T, ,08242,1,1,015180, ,001,010, ,N,92101-2245,6279252.24935,1844889.78344,1,N,601.1440794639361,20083.766419347226,SD,COLUMBIA,ST, , ,1970, , ,218,17,10,171,SAN DIEGO,04,459,0,N,001, , ,D070,1970,0, ,SD,20083.7705078,601.144204515
290977,5332440100,53324401,136010,2,BLK 34*LOT 1*,193216,86511,279727,2,076872,022718,0,T, ,08242,6,4,CC1-1874,MIDDLETOWN,000,000, , ,92101-2509,6279571.33291,1844327.89086,1,N,309.07992426522566,5527.664631159386,SD,ELM,ST, ,W,429, , , ,13,60,130,SAN DIEGO,50,2807,0, , , ,04900,D060,429,445, ,SD,5527.67675781,309.08015924
294934,5332230600,53322306,193649,2,BLK 43*LOT 6*,357031,1356631,1713662,2,166781,041317,0,T, ,08242,6,2,CC1-1874,MIDDLETOWN,000,000, , ,92101-2214,6279216.0329,1844697.34321,1,N,300.5081008573211,5013.932940643171,SD,INDIA,ST, , ,1909, , , ,21,60,210,SAN DIEGO,05,5890,0, , , ,05000,C065,1909,0, ,SD,5013.94921875,300.508643024
303674,5332230708,53322307,193650,1,BLK 43*US 8 PER DOCS92-654856&92-807132&UND INT IN LOT 7\,305000,145000,450000,1,240525,040706,0,T,Y,08242,1,1,CC1-1874,MIDDLETOWN,001,010, ,Y,92101-2231,6279309.62462,1844730.90803,1,N,300.6556231158191,5016.395277863319,SD,FIR,ST, ,W,602, , ,306,17,10,171,SAN DIEGO,93,735,0,N,001,000,00000,D070,602,0, ,SD,5016.39453125,300.655566081
307622,5332231303,53322313,136033,1,LOT 2*USS202PER DOC06-88394&UND INT IN\,280500,114240,394740,1,029457,012819,0,T, ,08242,1,1,015180, ,001,010, ,N,92101-2245,6279252.24935,1844889.78344,1,N,601.1440794639361,20083.766419347226,SD,COLUMBIA,ST, , ,1970, , ,202,17,10,171,SAN DIEGO,04,581,0,N,001, , ,D070,1970,0, ,SD,20083.7705078,601.144204515
308107,5332231312,53322313,136033,1,LOT 2*USS211PER DOC06-88394&UND INT IN\,86781,199025,285806,1,202383,042310,0,T, ,08242,1,1,015180, ,002,020, ,N,92101-2245,6279252.24935,1844889.78344,1,N,601.1440794639361,20083.766419347226,SD,COLUMBIA,ST, , ,1970, , ,211,17,10,171,SAN DIEGO,04,817,0,N,001, , ,D070,1970,0, ,SD,20083.7705078,601.144204515
308230,5332231332,53322313,136033,1,LOT 2*USS312PER DOC06-88394&UND INT IN\,129161,306888,436049,1,431964,092117,0,T, ,08242,1,1,015180, ,002,010, ,Y,92101-2245,6279252.24935,1844889.78344,1,N,601.1440794639361,20083.766419347226,SD,COLUMBIA,ST, , ,1970, , ,312,17,10,171,SAN DIEGO,04,811,0,N,001, , ,D070,1970,0, ,SD,20083.7705078,601.144204515
312938,5332441100,53324411,1576330,4,BLK 34*LOTS 3&4&9 THRU 12\,1652721,9975437,11628158,1,337956,051899,0.67,T, ,08242,6,280,CC1-1874,MIDDLETOWN,051,095,N,N,92101-2513,6279679.92203,1844240.73629,1,N,808.0371200943566,30328.470059405714,SD,STATE,ST, , ,1736, , , ,16,60,160,SAN DIEGO,95,86367,42416,N,485,000,29340,D065,1736,0, ,SD,30328.4492188,808.037380939
320992,5333131018,53331310,258424,1,LOT 1*US 18PER DOC06-117660&UND INT IN\,208943,274574,483517,1,535936,111617,0,T, ,08242,1,1,015269, ,002,010, , ,92101-2541,6279052.15112,1843842.83933,1,N,600.8015658558849,20049.950542837152,SD,KETTNER,BLVD, , ,1601, , ,18,17,10,171,SAN DIEGO,01,894,0, ,000,000,00000,D060,1601,0, ,SD,20049.9472656,600.801536837
325414,5332331400,53323314,136007,1,BLK 38*LOT 14*S 33 1/2 FT*,200209,29359,229568,2,403747,092718,0,T, ,08242,6,1,CC1-1874,MIDDLETOWN,004,010,N, ,92101-2504,6279396.45839,1844317.85996,1,N,264.30216208541856,3309.1963088871807,SD,COLUMBIA,ST, , ,1760, , , ,11,60,110,SAN DIEGO,94,1118,0,N, , ,03271,D045C,1760,0, ,SD,3309.20410156,264.30193183
333489,5332231360,53322313,136033,1,LOT 2*USS502PER DOC06-88394&UND INT IN\,108088,224818,332906,1,251260,062018,0,T, ,08242,1,1,015180, ,001,010, ,Y,92101-2247,6279252.24935,1844889.78344,1,N,601.1440794639361,20083.766419347226,SD,COLUMBIA,ST, , ,1970, , ,502,17,10,171,SAN DIEGO,04,581,0,N,001, , ,D070,1970,0, ,SD,20083.7705078,601.144204515
348661,5332230802,53322308,136030,1,BLK 43*US 2 PER DOCS05-587983&06-148000&UND INT IN LOT 8 IN\,130879,261765,392644,1,234745,051616,0,T, ,08242,1,1,CC1-1874,MIDDLETOWN,001,010, , ,92101-2249,6279292.96848,1844777.3192,1,N,300.6181059854389,5015.421837860582,SD,COLUMBIA,ST, , ,1918, , ,02,17,10,171,SAN DIEGO,06,651,0, ,001,000,00000,D070,1918,0, ,SD,5015.43261719,300.618300839
358451,5333130800,53331308,244445,1,BLK 30*LOT 12*,3296752,4011048,7307800,1,651570,103013,0,T, ,08242,6,1,CC1-1874,MIDDLETOWN,000,000, , ,92101-2516,6279150.25988,1844018.89506,1,N,300.18071291314084,5004.519935565518,SD,INDIA,ST, , ,1660, , , ,21,60,210,SAN DIEGO,86,0,9537, , , ,05000,C070,1660,0, ,SD,5004.52148438,300.180627608
362404,5333131007,53331310,258424,2,LOT 1*US 7 PER DOC06-117660&UND INT IN\,292954,224440,517394,2,053308,020918,0,T, ,08242,1,1,015269, ,001,010, , ,92101-2537,6279052.15112,1843842.83933,1,N,600.8015658558849,20049.950542837152,SD,KETTNER,BLVD, , ,1601, , ,07,17,10,171,SAN DIEGO,01,798,0, ,000,000,00000,D060,1601,0, ,SD,20049.9472656,600.801536837
363090,5332330800,53323308,244341,2,BLK 38*LOT 7*,54855,15298,70153,1,123123,032814,0,T, ,08242,6,1,CC1-1874,MIDDLETOWN,000,000, , ,92101-2517,6279307.22643,1844262.40802,1,N,292.58726630753836,4838.301385703754,SD,INDIA,ST, , ,1731, , , ,21,60,210,SAN DIEGO,25,0,3000, , , ,05000,C040,1731,1735, ,SD,4838.29394531,292.586702929
376635,5332231309,53322313,136033,1,LOT 2*USS208PER DOC06-88394&UND INT IN\,46630,103794,150424,1,256866,052110,0,T, ,08242,1,1,015180, ,000,010, ,N,92101-2245,6279252.24935,1844889.78344,1,N,601.1440794639361,20083.766419347226,SD,COLUMBIA,ST, , ,1970, , ,208,17,10,171,SAN DIEGO,04,365,0,N,001, , ,D070,1970,0, ,SD,20083.7705078,601.144204515
376850,5332231379,53322313,136033,1,LOT 2*USCU-2PERD06-92640&10-432311&UND INT IN\,220506,267190,487696,1,243819,040706,0,T, ,08242,6,1,015180, , , , , ,92101-2244,6279252.24935,1844889.78344,1,N,601.1440794639361,20083.766419347226,SD,COLUMBIA,ST, , ,1970, , ,02,21,60,210,SAN DIEGO,04,1092,0, , , , ,D070,1970,0, ,SD,20083.7705078,601.144204515
379681,5332231376,53322313,136033,1,LOT 2*USS518PER DOC06-88394&UND INT IN\,82417,219781,302198,1,582800,092413,0,T, ,08242,1,1,015180, ,001,010, ,Y,92101-2248,6279252.24935,1844889.78344,1,N,601.1440794639361,20083.766419347226,SD,COLUMBIA,ST, , ,1970, , ,518,17,10,171,SAN DIEGO,04,459,0,N,001, , ,D070,1970,0, ,SD,20083.7705078,601.144204515
395270,5332230701,53322307,193650,1,BLK 43*US 1 PER DOCS92-654856&92-807132&UND INT IN LOT 7\,275819,308252,584071,1,076374,022514,0,T,Y,08242,1,1,CC1-1874,MIDDLETOWN,002,020, , ,92101-2200,6279309.62462,1844730.90803,1,N,300.6556231158191,5016.395277863319,SD,FIR,ST, ,W,602, , ,106,17,10,170,SAN DIEGO,93,1006,0, ,002,000,00000,D070,602,0, ,SD,5016.39453125,300.655566081
395271,5332230706,53322307,193650,1,BLK 43*US 6 PER DOCS92-654856&92-807132&UND INT IN LOT 7\,85384,147634,233018,1,073935,020493,0,T, ,08242,1,1,CC1-1874,MIDDLETOWN,002,025, , ,92101-2200,6279309.62462,1844730.90803,1,N,300.6556231158191,5016.395277863319,SD,FIR,ST, ,W,602, , ,103,17,10,170,SAN DIEGO,93,1125,0, ,002,000,00000,D070,602,0, ,SD,5016.39453125,300.655566081
396052,5332230714,53322307,193650,1,BLK 43*US 14PER DOCS92-654856&92-807132&UND INT IN LOT 7\,158280,128396,286676,1,548074,082798,0,T,Y,08242,1,1,CC1-1874,MIDDLETOWN,002,020, , ,92101-2238,6279309.62462,1844730.90803,1,N,300.6556231158191,5016.395277863319,SD,FIR,ST, ,W,602, , ,404,17,10,170,SAN DIEGO,93,932,0, ,001,000,00000,D070,602,0, ,SD,5016.39453125,300.655566081
397086,5332331600,53323316,1546036,2,BLK 38*LOT 16*,361035,4764,365799,6,113944,032919,0,T, ,08242,6,1,CC1-1874,MIDDLETOWN, , ,N, ,92101-2506,6279372.55553,1844432.71322,1,N,297.8333693084158,4950.105048801239,SD,COLUMBIA,ST, , ,1812, , , ,31,60,310,SAN DIEGO, ,0,0,N,002, ,04900, ,1812,0, ,SD,4950.0859375,297.833035219
417838,5333130700,53331307,244444,1,BLK 30*LOT 11*,1655858,1549770,3205628,1,643770,101912,0,T, ,08242,6,1,CC1-1874,MIDDLETOWN,000,000, , ,92101-2516,6279153.4959,1843966.98721,1,N,300.41712446700456,5012.321454898718,SD,INDIA,ST, , ,1654, , , ,21,60,210,SAN DIEGO,04,4516,4500, , , ,05000,S,1654,0, ,SD,5012.3125,300.416811223
429294,5332240400,53322404,258445,1,BLK 42*LOT 5*,293256,0,293256,1,329900,052992,0,T, ,08242,7,0,CC1-1874,MIDDLETOWN,000,000, , ,92101-2228,6278941.52171,1844645.65695,1,N,299.42461593915954,4989.963316406476,SD,KETTNER,BLVD, , ,1915, , , ,31,70,310,SAN DIEGO,50,1120,0, , , ,05000,D060,1915,0, ,SD,4989.95507813,299.424254023
440129,5332231328,53322313,136033,1,LOT 2*USS308PER DOC06-88394&UND INT IN\,85421,187928,273349,2,297311,060308,0,T,Y,08242,1,1,015180, ,000,010, ,N,92101-2245,6279252.24935,1844889.78344,1,N,601.1440794639361,20083.766419347226,SD,COLUMBIA,ST, , ,1970, , ,308,17,10,171,SAN DIEGO,04,365,0,N,001, , ,D070,1970,0, ,SD,20083.7705078,601.144204515
440239,5332231325,53322313,136033,1,LOT 2*USS305PER DOC06-88394&UND INT IN\,81035,199892,280927,1,827954,123112,0,T, ,08242,1,1,015180, ,002,020, ,Y,92101-2245,6279252.24935,1844889.78344,1,N,601.1440794639361,20083.766419347226,SD,COLUMBIA,ST, , ,1970, , ,305,17,10,171,SAN DIEGO,04,796,0,N,001, , ,D070,1970,0, ,SD,20083.7705078,601.144204515
449647,5332330500,53323305,6940,1,BLK 38*LOT 4*,728369,132425,860794,6,113944,032919,0,T, ,08242,6,0,CC1-1874,MIDDLETOWN,000,000, , ,92101,6279283.47614,1844409.74032,1,N,286.3779076553028,4616.22318790453,SD,INDIA,ST, , ,0, , , ,35,60,351,SAN DIEGO,99,1241,0, , , ,05000,S,0,0, ,SD,4616.20410156,286.377415889
457140,5332231343,53322313,136033,1,LOT 2*USS404PER DOC06-88394&UND INT IN\,128168,259900,388068,1,083408,022117,0,T,Y,08242,1,1,015180, ,001,010, ,Y,92101-2247,6279252.24935,1844889.78344,1,N,601.1440794639361,20083.766419347226,SD,COLUMBIA,ST, , ,1970, , ,404,17,10,171,SAN DIEGO,04,631,0,N,001, , ,D070,1970,0, ,SD,20083.7705078,601.144204515
496479,5332321100,53323211,244332,1,BLK 39*LOT 11*,99470,527470,626940,2,716347,100301,0,T, ,08242,6,1,CC1-1874,MIDDLETOWN,000,000, , ,92101-2518,6279128.37811,1844276.00829,1,N,301.547862310656,4963.738017525222,SD,INDIA,ST, , ,1740, , , ,21,60,210,SAN DIEGO,99,2595,2605, , , ,04892,D070,1740,1742, ,SD,4963.73925781,301.547552813
506150,5333521700,53335217,136003,1,BLK 32*LOTS 1&2&11&12\,184514,230907,415421,7,016955,061071,0,T, ,08242,6,0,CC1-1874,MIDDLETOWN,000,000, , ,92101-2501,6279652.77254,1843988.31112,1,N,598.0982135715681,19903.907829809265,SD,COLUMBIA,ST, , ,1659, , , ,71,60,710,SAN DIEGO,00,16044,0, , , , , ,1659,1669, ,SD,19903.8994141,598.098312133
520479,5332321000,53323210,244331,1,BLK 39*LOT 10*,302308,122527,424835,2,217069,053018,0,T,Y,08242,6,2,CC1-1874,MIDDLETOWN,000,000, , ,92101-2518,6279135.55264,1844229.11074,1,N,301.6588996806378,4961.274684854743,SD,INDIA,ST, , ,1726, , , ,13,60,130,SAN DIEGO,52,4256,0, , , ,04900,D055,1726,1728, ,SD,4961.25585938,301.658294644
520890,5332330300,53323303,244337,1,BLK 38*LOT 3*N 1/2*,1077391,484824,1562215,1,402230,091714,0,T, ,08242,6,1,CC1-1874,MIDDLETOWN,000,000, , ,92101-2519,6279273.89741,1844469.23577,1,N,237.19963815379688,2345.5864373703334,SD,INDIA,ST, , ,1825, , , ,21,60,210,SAN DIEGO,37,2542,2500, , , ,02500, ,1825,1827, ,SD,2345.58105469,237.199637383
530679,5332231350,53322313,136033,1,LOT 2*USS411PER DOC06-88394&UND INT IN\,96174,237111,333285,1,264825,050412,0,T, ,08242,1,1,015180, ,002,020, ,N,92101-2247,6279252.24935,1844889.78344,1,N,601.1440794639361,20083.766419347226,SD,COLUMBIA,ST, , ,1970, , ,411,17,10,171,SAN DIEGO,04,817,0,N,001, , ,D070,1970,0, ,SD,20083.7705078,601.144204515
533434,5332330700,53323307,244340,1,BLK 38*LOT 6*,748929,155261,904190,2,321226,062510,0,T, ,08242,7,1,CC1-1874,MIDDLETOWN,000,000, , ,92101-2517,6279299.35493,1844311.36427,1,N,287.1283066998502,4600.366107101785,SD,INDIA,ST, , ,1743, , , ,43,70,430,SAN DIEGO,00,4900,4900, , , ,05000, ,1743,0, ,SD,4600.37109375,287.128528145
549992,5332230704,53322307,193650,1,BLK 43*US 4 PER DOCS92-654856&92-807132&UND INT IN LOT 7\,164836,406597,571433,2,007568,010517,0,T, ,08242,1,1,CC1-1874,MIDDLETOWN,002,020, ,N,92101-2200,6279309.62462,1844730.90803,1,N,300.6556231158191,5016.395277863319,SD,FIR,ST, ,W,602, , ,104,17,10,171,SAN DIEGO,93,1037,0, ,002,000,00000,D070,602,0, ,SD,5016.39453125,300.655566081
550060,5332411200,53324112,136022,1,BLK 37*LOTS 3&4&10\,901412,11994185,12895597,1,645894,100992,0,T, ,08242,6,193,CC1-1874,MIDDLETOWN, , ,Y, ,92101-2505,6279523.189,1844575.39675,1,N,589.02457510305,14582.313860668844,SD,COLUMBIA,ST, , ,1835, , , ,26,60,260,SAN DIEGO,97,87328,0, , , ,14550,D065,1835,0, ,SD,14582.3271484,589.025324745
572289,5332321300,53323213,244334,1,BLK 39*LOT 13*,415506,0,415506,2,733138,111098,0,T, ,08242,6,4,CC1-1874,MIDDLETOWN,000,000, , ,92101-2520,6279112.8827,1844377.06901,1,N,301.9735566356556,4988.716044617169,SD,INDIA,ST, , ,1802, , , ,13,60,130,SAN DIEGO,19,2583,0, , , ,04900,D045,1802,1808, ,SD,4988.73535156,301.973936524
579140,5333510600,53335106,135999,1,BLK 31*LOT 10*,43878,201507,245385,2,295643,061516,0,T, ,08242,6,5,CC1-1874,MIDDLETOWN,000,000, , ,92101-2567,6279427.68452,1843914.8093,1,N,299.5687424715592,4989.17661965174,SD,COLUMBIA,ST, , ,1642, , , ,14,60,140,SAN DIEGO,25,4831,0, , , , , ,1642,0, ,SD,4989.18945313,299.56905307
598553,5332231338,53322313,136033,1,LOT 2*USS318PER DOC06-88394&UND INT IN\,93676,203327,297003,1,831666,112106,0,T,Y,08242,1,1,015180, ,001,010, ,Y,92101-2247,6279252.24935,1844889.78344,1,N,601.1440794639361,20083.766419347226,SD,COLUMBIA,ST, , ,1970, , ,318,17,10,171,SAN DIEGO,04,459,0,N,001, , ,D070,1970,0, ,SD,20083.7705078,601.144204515
598716,5332231321,53322313,136033,1,LOT 2*USS301PER DOC06-88394&UND INT IN\,82790,162271,245061,1,803078,122012,0,T, ,08242,1,1,015180, ,001,010, ,N,92101-2245,6279252.24935,1844889.78344,1,N,601.1440794639361,20083.766419347226,SD,COLUMBIA,ST, , ,1970, , ,301,17,10,171,SAN DIEGO,04,585,0,N,001, , ,D070,1970,0, ,SD,20083.7705078,601.144204515
606799,5332330100,53323301,193651,2,BLK 38*LOT 1*,475562,39613,515175,2,244481,051916,0,T, ,08242,6,4,CC1-1874,MIDDLETOWN,000,000, , ,92101,6279256.20741,1844571.74854,1,N,313.76984782757114,5805.456987369676,SD,FIR,ST, ,W,619, , , ,21,60,210,SAN DIEGO,61,3952,0, , , ,06174,D045,619,621, ,SD,5805.43554688,313.769353968
623838,5332331700,53323317,136015,1,BLK 38*LOT 17*,1326510,0,1326510,1,636109,121115,0,T, ,08242,6,1,CC1-1874,MIDDLETOWN,003,020,N, ,92101-2506,6279370.59904,1844473.76691,1,N,296.0490087083581,4860.518090389018,SD,COLUMBIA,ST, , ,1824, , , ,11,60,110,SAN DIEGO,14,1232,0,N,001, ,04890,D050D,1824,0, ,SD,4860.52148438,296.049012702
630172,5332331800,53323318,1546037,2,BLK 38*LOT 18*,32908,13229,46137,1,550756,112817,0,T, ,08242,6,1,CC1-1874,MIDDLETOWN,003,010,N, ,92101-2506,6279361.22219,1844526.29915,1,N,304.43965709890045,5279.699223716362,SD,COLUMBIA,ST, , ,1830, , , ,11,60,110,SAN DIEGO,40,1310,0,N,001, , ,D060D,1830,0, ,SD,5279.69824219,304.439551914
630544,5332230703,53322307,193650,1,BLK 43*US 3 PER DOCS92-654856&92-807132&UND INT IN LOT 7\,43736,99452,143188,1,054182,012893,0,T, ,08242,1,1,CC1-1874,MIDDLETOWN,001,010, , ,92101-2200,6279309.62462,1844730.90803,1,N,300.6556231158191,5016.395277863319,SD,FIR,ST, ,W,602, , ,101,17,10,170,SAN DIEGO,93,682,0, ,001,000,00000,D070,602,0, ,SD,5016.39453125,300.655566081
630710,5332231373,53322313,136033,3,LOT 2*USS515PER DOC06-88394&UND INT IN\,71751,130809,202560,1,458243,080312,0,T, ,08242,1,1,015180, ,001,010, ,Y,92101-2248,6279252.24935,1844889.78344,1,N,601.1440794639361,20083.766419347226,SD,COLUMBIA,ST, , ,1970, , ,515,17,10,171,SAN DIEGO,04,609,0,N,001, , ,D070,1970,0, ,SD,20083.7705078,601.144204515
662795,5332331100,53323311,158735,1,BLK 38*LOTS 10 & 11*E 50 FT OF*,1435076,0,1435076,1,401579,091714,0,T, ,08242,6,0,CC1-1874,MIDDLETOWN,000,000, , ,92101,6279443.18324,1844170.87037,1,N,274.1516327121061,4434.955698108201,SD,DATE,ST, ,W,506, , , ,31,60,311,SAN DIEGO,00,0,0, , , ,04300, ,506,0, ,SD,4434.97363281,274.152004105
666533,5332231304,53322313,136033,1,LOT 2*USS203PER DOC06-88394&UND INT IN\,68907,180312,249219,1,161373,032911,0,T, ,08242,1,1,015180, ,001,010, ,N,92101-2245,6279252.24935,1844889.78344,1,N,601.1440794639361,20083.766419347226,SD,COLUMBIA,ST, , ,1970, , ,203,17,10,171,SAN DIEGO,04,603,0,N,001, , ,D070,1970,0, ,SD,20083.7705078,601.144204515
666895,5332231365,53322313,136033,1,LOT 2*USS507PER DOC06-88394&UND INT IN\,86576,213558,300134,1,113648,030609,0,T,Y,08242,1,1,015180, ,002,020, ,N,92101-2247,6279252.24935,1844889.78344,1,N,601.1440794639361,20083.766419347226,SD,COLUMBIA,ST, , ,1970, , ,507,17,10,171,SAN DIEGO,04,805,0,N,001, , ,D070,1970,0, ,SD,20083.7705078,601.144204515
667048,5332231355,53322313,136033,1,LOT 2*USS416PER DOC06-88394&UND INT IN\,69425,167782,237207,2,409151,092214,0,T, ,08242,1,1,015180, ,001,010, ,Y,92101-2247,6279252.24935,1844889.78344,1,N,601.1440794639361,20083.766419347226,SD,COLUMBIA,ST, , ,1970, , ,416,17,10,171,SAN DIEGO,04,561,0,N,001, , ,D070,1970,0, ,SD,20083.7705078,601.144204515
667216,5332231356,53322313,136033,1,LOT 2*USS417PER DOC06-88394&UND INT IN\,84069,186688,270757,1,818315,111606,0,T, ,08242,1,1,015180, ,001,010, ,Y,92101-2247,6279252.24935,1844889.78344,1,N,601.1440794639361,20083.766419347226,SD,COLUMBIA,ST, , ,1970, , ,417,17,10,171,SAN DIEGO,04,599,0,N,001, , ,D070,1970,0, ,SD,20083.7705078,601.144204515
667230,5332231346,53322313,136033,1,LOT 2*USS407PER DOC06-88394&UND INT IN\,107738,307054,414792,1,552096,121514,0,T, ,08242,1,1,015180, ,002,020, ,N,92101-2247,6279252.24935,1844889.78344,1,N,601.1440794639361,20083.766419347226,SD,COLUMBIA,ST, , ,1970, , ,407,17,10,171,SAN DIEGO,04,805,0,N,001, , ,D070,1970,0, ,SD,20083.7705078,601.144204515
674547,5335820900,53358209,193656,1,BLK 44*LOTS 7 & 8*W 1/2*,330668,0,330668,1,273573,052711,0,T, ,08242,6,0,CC1-1874,MIDDLETOWN,000,000, , ,92101-2204,6279538.24614,1844832.49132,1,N,300.3392869689389,5009.925093849074,SD,FIR,ST, ,W,520, , , ,20,60,200,SAN DIEGO,00,0,0, , , ,05000, ,520,522, ,SD,5009.92285156,300.338813774
680604,5333131019,53331310,258424,1,LOT 1*US 19PER DOC06-117660&UND INT IN\,90076,275864,365940,1,524466,100611,0,T, ,08242,1,1,015269, ,002,020, , ,92101-2541,6279052.15112,1843842.83933,1,N,600.8015658558849,20049.950542837152,SD,KETTNER,BLVD, , ,1601, , ,19,17,10,171,SAN DIEGO,01,896,0, ,000,000,00000,D060,1601,0, ,SD,20049.9472656,600.801536837
687218,5335821900,53358219,136039,1,PAR 1\,4000000,17578500,21578500,1,291145,071718,0,T, ,08242,6,40,PM20819, ,000,000, , ,92101-2260,6279467.6016,1844807.24007,1,N,400.459891280267,10021.675138628978,SD,COLUMBIA,ST, , ,1907, , , ,21,60,217,SAN DIEGO,12,40974,0, , , ,10200,D075,1907,0, ,SD,10021.6816406,400.460232374
696265,5332240701,53322407,5280313,1,PAR 1*US 1 PER DOC15-0666293&UND INT IN\,650517,1864442,2514959,2,329818,070116,0,T, ,08242,6,1,PM20694, ,003,035, , ,92101-2253,6279005.2795,1844615.28975,1,N,498.5982843209388,9977.676207451701,SD,FIR,ST, ,W,750, , ,600,17,60,171,SAN DIEGO,09,5683,0, , , ,00000,B075,750,0, ,SD,9977.64746094,498.598014388
705410,5332320200,53323202,258430,1,BLK 39*LOT 2*S 4 FT LOT 1 & /EXC S 4 FT/*,45122,31872,76994,3,903702,071508,0,T, ,08242,7,4,CC1-1874,MIDDLETOWN,000,000, , ,92101-2523,6279007.27725,1844411.99375,1,N,291.5745412128774,4767.535478534763,SD,KETTNER,BLVD, , ,1765, , , ,13,70,130,SAN DIEGO,54,3878,0, , , ,04900,D055,1765,1771, ,SD,4767.52050781,291.574036784
723442,5332330400,53323304,244338,1,BLK 38*LOT 3*S 1/2*,27516,4319,31835,6,113944,032919,0,T, ,08242,6,1,CC1-1874,MIDDLETOWN,000,000, , ,92101-2519,6279277.87929,1844444.50349,1,N,237.70537354580878,2351.2916718690303,SD,INDIA,ST, , ,1823, , , ,31,60,310,SAN DIEGO,00,0,0, , , , , ,1823,0, ,SD,2351.29980469,237.705517571
730020,5332231306,53322313,136033,5,LOT 2*USS205PER DOC06-88394&UND INT IN\,91443,202568,294011,1,056829,021114,0,T,Y,08242,1,1,015180, ,002,020, ,N,92101-2245,6279252.24935,1844889.78344,1,N,601.1440794639361,20083.766419347226,SD,COLUMBIA,ST, , ,1970, , ,205,17,10,171,SAN DIEGO,04,796,0,N,001, , ,D070,1970,0, ,SD,20083.7705078,601.144204515
736069,5332231301,53322313,136033,1,LOT 2*USS200PER DOC06-88394&UND INT IN\,91000,209000,300000,1,115053,030508,0,T, ,08242,1,1,015180, ,001,010, ,N,92101-2245,6279252.24935,1844889.78344,1,N,601.1440794639361,20083.766419347226,SD,COLUMBIA,ST, , ,1970, , ,200,17,10,171,SAN DIEGO,04,459,0,N,001, , ,D070,1970,0, ,SD,20083.7705078,601.144204515
743155,5333510700,53335107,136000,1,BLK 31*LOT 11*,421604,1637265,2058869,1,100336,021899,0,T, ,08242,6,56,CC1-1874,MIDDLETOWN,000,000, , ,92101-2502,6279428.13788,1843964.80685,1,N,299.5445271924056,4988.596170138582,SD,COLUMBIA,ST, , ,1654, , , ,26,60,260,SAN DIEGO,89,17220,0, , , ,05000,D060,1654,0, ,SD,4988.59667969,299.544615688
743411,5332330600,53323306,244339,3,BLK 38*LOT 5*,143428,80976,224404,1,479395,091511,0,T, ,08242,6,1,CC1-1874,MIDDLETOWN,000,000, , ,92101-2517,6279291.49504,1844359.93326,1,N,291.4886650666891,4830.909342811789,SD,INDIA,ST, , ,1747, , , ,21,60,210,SAN DIEGO,00,0,0, , , , , ,1747,1753, ,SD,4830.90234375,291.488565719
746459,5332320400,53323204,258432,1,BLK 39*LOT 4*S 4 FT LOT 3 & /EXC S 4 FT/*,45122,9910,55032,3,904162,042915,0,T, ,08242,7,2,CC1-1874,MIDDLETOWN,000,000, , ,92101,6279021.43168,1844318.19927,1,N,298.3377305958762,5045.239730344766,SD,KETTNER,BLVD, , ,1743, , , ,21,70,210,SAN DIEGO,00,0,0, , , ,04890, ,1743,1747, ,SD,5045.234375,298.337421264
747464,5333131004,53331310,258424,1,LOT 1*US 4 PER DOC06-117660&UND INT IN\,174737,203424,378161,1,507987,112014,0,T, ,08242,1,1,015269, ,001,010, , ,92101-2537,6279052.15112,1843842.83933,1,N,600.8015658558849,20049.950542837152,SD,KETTNER,BLVD, , ,1601, , ,04,17,10,171,SAN DIEGO,01,761,0, ,000,000,00000,D060,1601,0, ,SD,20049.9472656,600.801536837
747465,5333131013,53331310,258424,1,LOT 1*US 13PER DOC06-117660&UND INT IN\,152859,138089,290948,2,356584,080717,0,T,Y,08242,1,1,015269, ,001,015, ,N,92101-2539,6279052.15112,1843842.83933,1,N,600.8015658558849,20049.950542837152,SD,KETTNER,BLVD, , ,1601, , ,13,17,10,171,SAN DIEGO,01,733,0, ,000,000,00000,D060,1601,0, ,SD,20049.9472656,600.801536837
748237,5333131020,53331310,258424,1,LOT 1*US 20PER DOC06-117660&UND INT IN\,150207,192263,342470,1,107088,022511,0,T, ,08242,1,1,015269, ,002,010, , ,92101-2541,6279052.15112,1843842.83933,1,N,600.8015658558849,20049.950542837152,SD,KETTNER,BLVD, , ,1601, , ,20,17,10,171,SAN DIEGO,01,893,0, ,000,000,00000,D060,1601,0, ,SD,20049.9472656,600.801536837
748411,5333131015,53331310,258424,1,LOT 1*US 15PER DOC06-117660&UND INT IN\,256912,328848,585760,1,111749,032118,0,T, ,08242,1,1,015269, ,002,010, , ,92101-2541,6279052.15112,1843842.83933,1,N,600.8015658558849,20049.950542837152,SD,KETTNER,BLVD, , ,1601, , ,15,17,10,171,SAN DIEGO,01,896,0, ,000,000,00000,D060,1601,0, ,SD,20049.9472656,600.801536837
751905,5332330900,53323309,244342,1,BLK 38*LOTS 8 & 9*,9886652,40606045,50492697,1,401579,091714,0,T, ,08242,6,125,CC1-1874,MIDDLETOWN, , , , ,92101-2517,6279319.02879,1844189.00406,1,N,422.8221423774427,10897.23870359685,SD,INDIA,ST, , ,1703, , , ,21,60,217,SAN DIEGO, ,99999,0, , , ,11074,D075,1703,0, ,SD,10897.2265625,422.822204764
769339,5333131016,53331310,258424,5,LOT 1*US 16PER DOC06-117660&UND INT IN\,143624,183841,327465,1,081785,021111,0,T,Y,08242,1,1,015269, ,002,010, , ,92101-2541,6279052.15112,1843842.83933,1,N,600.8015658558849,20049.950542837152,SD,KETTNER,BLVD, , ,1601, , ,16,17,10,171,SAN DIEGO,01,893,0, ,000,000,00000,D060,1601,0, ,SD,20049.9472656,600.801536837
769340,5333131030,53331310,258424,1,LOT 1*US 30PER DOC06-117660&UND INT IN\,124737,134673,259410,1,640123,101812,0,T, ,08242,1,1,015269, ,001,010, ,N,92101-2543,6279052.15112,1843842.83933,1,N,600.8015658558849,20049.950542837152,SD,KETTNER,BLVD, , ,1601, , ,30,17,10,171,SAN DIEGO,01,707,0, ,001,000,00000,D060,1601,0, ,SD,20049.9472656,600.801536837
773352,5332231200,53322312,244347,1,BLK 43*LOTS 4&5\,787264,763947,1551211,1,201698,041098,0,T, ,08242,6,0,CC1-1874,MIDDLETOWN,000,000, , ,92101-2250,6279191.53229,1844761.78149,1,N,400.634114626593,10028.962225901794,SD,INDIA,ST, , ,1917, , , ,21,60,210,SAN DIEGO,00,8103,0, ,000,000,00000, ,1917,1919, ,SD,10028.9619141,400.634253616
803404,5332321800,53323218,244335,1,BLK 39*LOTS 14 THRU 16\,740472,828511,1568983,1,150732,051581,0,T, ,08242,6,1,CC1-1874,MIDDLETOWN, , , , ,92101-2520,6279100.12925,1844465.99675,1,N,479.92653667207054,14071.791609842587,SD,INDIA,ST, , ,1844, , , ,21,60,213,SAN DIEGO,62,7468,0, , , ,13930,D020,1844,0, ,SD,14071.8261719,479.927011341
812257,5332320500,53323205,258433,1,BLK 39*LOT 5*S 4 FT LOT 4 & /EXC S 4 FT/*,1731612,2308816,4040428,1,465122,082908,0,T, ,08242,7,1,CC1-1874,MIDDLETOWN, , ,N, ,92101-2523,6279028.90974,1844267.52626,1,N,293.5282779151348,4805.12307002497,SD,KETTNER,BLVD, , ,1731, , , ,21,70,210,SAN DIEGO,84,9200,0, , , ,05000,C065,1731,0, ,SD,4805.11328125,293.52799752
826684,5333131008,53331310,258424,1,LOT 1*US 8 PER DOC06-117660&UND INT IN\,195066,165804,360870,1,451522,071913,0,T, ,08242,1,1,015269, ,001,010, , ,92101-2539,6279052.15112,1843842.83933,1,N,600.8015658558849,20049.950542837152,SD,KETTNER,BLVD, , ,1601, , ,08,17,10,171,SAN DIEGO,01,723,0, ,000,000,00000,D060,1601,0, ,SD,20049.9472656,600.801536837
829889,5332230801,53322308,136030,1,BLK 43*US 1 PER DOCS05-587983&06-148000&UND INT IN LOT 8 IN\,121184,262971,384155,1,343346,070115,0,T,Y,08242,1,1,CC1-1874,MIDDLETOWN,001,010, , ,92101-2249,6279292.96848,1844777.3192,1,N,300.6181059854389,5015.421837860582,SD,COLUMBIA,ST, , ,1918, , ,01,17,10,171,SAN DIEGO,06,703,0, ,001,000,00000,D070,1918,0, ,SD,5015.43261719,300.618300839
846517,5332231307,53322313,136033,1,LOT 2*USS206PER DOC06-88394&UND INT IN\,167000,278000,445000,1,224487,051116,0,T,Y,08242,1,1,015180, ,002,020, ,N,92101-2245,6279252.24935,1844889.78344,1,N,601.1440794639361,20083.766419347226,SD,COLUMBIA,ST, , ,1970, , ,206,17,10,171,SAN DIEGO,04,1064,0,N,001, , ,D070,1970,0, ,SD,20083.7705078,601.144204515
847195,5332231363,53322313,136033,1,LOT 2*USS505PER DOC06-88394&UND INT IN\,66232,121426,187658,1,759850,120412,0,T, ,08242,1,1,015180, ,001,010, ,Y,92101-2247,6279252.24935,1844889.78344,1,N,601.1440794639361,20083.766419347226,SD,COLUMBIA,ST, , ,1970, , ,505,17,10,171,SAN DIEGO,04,468,0,N,001, , ,D070,1970,0, ,SD,20083.7705078,601.144204515
851533,5332410500,53324105,136021,1,BLK 37*LOT 6*,297110,2796171,3093281,1,585243,091598,0,T, ,08242,6,21,CC1-1874,MIDDLETOWN,000,000,N,N,92101-2573,6279549.4745,1844453.0175,1,N,294.7759094050619,4869.421209661672,SD,COLUMBIA,ST, , ,1805, , , ,15,60,150,SAN DIEGO,01,14746,0,N,702, ,04890,D065,1805,0, ,SD,4869.43652344,294.776320444
854316,5332231323,53322313,136033,1,LOT 2*USS303PER DOC06-88394&UND INT IN\,67556,137930,205486,1,102859,022312,0,T, ,08242,1,1,015180, ,001,010, ,Y,92101-2245,6279252.24935,1844889.78344,1,N,601.1440794639361,20083.766419347226,SD,COLUMBIA,ST, , ,1970, , ,303,17,10,171,SAN DIEGO,04,603,0,N,001, , ,D070,1970,0, ,SD,20083.7705078,601.144204515
854336,5332231316,53322313,136033,1,LOT 2*USS215PER DOC06-88394&UND INT IN\,109000,216000,325000,1,243734,051916,0,T, ,08242,1,1,015180, ,001,010, ,N,92101-2245,6279252.24935,1844889.78344,1,N,601.1440794639361,20083.766419347226,SD,COLUMBIA,ST, , ,1970, , ,215,17,10,171,SAN DIEGO,04,609,0,N,001, , ,D070,1970,0, ,SD,20083.7705078,601.144204515
854930,5332230709,53322307,193650,1,BLK 43*US 9 PER DOCS92-654856&92-807132&UND INT IN LOT 7\,292121,152552,444673,2,234980,040506,0,T,Y,08242,1,1,CC1-1874,MIDDLETOWN,001,010, , ,92101-2231,6279309.62462,1844730.90803,1,N,300.6556231158191,5016.395277863319,SD,FIR,ST, ,W,602, , ,305,17,10,170,SAN DIEGO,93,719,0, ,001,000,00000,D070,602,0, ,SD,5016.39453125,300.655566081
861856,5332230702,53322307,193650,1,BLK 43*US 2 PER DOCS92-654856&92-807132&UND INT IN LOT 7\,424483,243016,667499,1,639532,121515,0,T, ,08242,1,1,CC1-1874,MIDDLETOWN,002,020, ,Y,92101-2200,6279309.62462,1844730.90803,1,N,300.6556231158191,5016.395277863319,SD,FIR,ST, ,W,602, , ,105,17,10,171,SAN DIEGO,93,1104,0,N,002,000,00000,D070,602,0, ,SD,5016.39453125,300.655566081
862504,5332230712,53322307,193650,1,BLK 43*US 12PER DOCS92-654856&92-807132&UND INT IN LOT 7\,271000,229000,500000,1,139638,041719,0,T, ,08242,1,1,CC1-1874,MIDDLETOWN,001,015, , ,92101-2231,6279309.62462,1844730.90803,1,N,300.6556231158191,5016.395277863319,SD,FIR,ST, ,W,602, , ,302,17,10,171,SAN DIEGO,93,879,0, ,001,000,00000,D070,602,0, ,SD,5016.39453125,300.655566081
862587,5332230715,53322307,193650,1,BLK 43*US 15PER DOCS92-654856&92-807132&UND INT IN LOT 7\,612000,178500,790500,1,220040,053118,0,T, ,08242,1,1,CC1-1874,MIDDLETOWN,002,020, ,Y,92101-2238,6279309.62462,1844730.90803,1,N,300.6556231158191,5016.395277863319,SD,FIR,ST, ,W,602, , ,403,17,10,171,SAN DIEGO,93,1023,0, ,001,000,00000,D070,602,0, ,SD,5016.39453125,300.655566081
862868,5332230705,53322307,193650,1,BLK 43*US 5 PER DOCS92-654856&92-807132&UND INT IN LOT 7\,301954,157011,458965,1,143053,032615,0,T,Y,08242,1,1,CC1-1874,MIDDLETOWN,001,015, ,N,92101-2200,6279309.62462,1844730.90803,1,N,300.6556231158191,5016.395277863319,SD,FIR,ST, ,W,602, , ,102,17,10,170,SAN DIEGO,93,795,0, ,001,000,00000,D070,602,0, ,SD,5016.39453125,300.655566081
886878,5333131002,53331310,258424,1,LOT 1*US 2 PER DOC06-117660&UND INT IN\,145778,138485,284263,2,190049,040212,0,T, ,08242,1,1,015269, ,001,010, , ,92101-2537,6279052.15112,1843842.83933,1,N,600.8015658558849,20049.950542837152,SD,KETTNER,BLVD, , ,1601, , ,02,17,10,171,SAN DIEGO,01,760,0, ,000,000,00000,D060,1601,0, ,SD,20049.9472656,600.801536837
886896,5332331200,53323312,136005,1,BLK 38*LOT 12*,1324685,0,1324685,1,401579,091714,0,T, ,08242,6,0,CC1-1874,MIDDLETOWN, , , , ,92101,6279411.09669,1844228.43864,1,N,292.5505675251119,4721.648031684951,SD,COLUMBIA,ST, , ,0, , , ,31,60,311,SAN DIEGO,00,0,0, , , ,04890, ,0,0, ,SD,4721.64941406,292.550565442
888527,5332440900,53324409,158733,1,BLK 34*LOTS 5&8\,2653020,1220389,3873409,1,300550,061716,0,T, ,08242,6,15,CC1-1874,MIDDLETOWN,121,055,N,N,92101-2507,6279653.53676,1844137.27469,1,N,462.5343952649549,6391.047434911985,SD,DATE,ST, ,W,412, , , ,14,60,140,SAN DIEGO,14,6404,99999,Y,427,212,08300,D040,412,438, ,SD,6391.06640625,462.534785807
893564,5333131017,53331310,258424,1,LOT 1*US 17PER DOC06-117660&UND INT IN\,266945,341687,608632,1,255613,060717,0,T, ,08242,1,1,015269, ,002,020, , ,92101-2541,6279052.15112,1843842.83933,1,N,600.8015658558849,20049.950542837152,SD,KETTNER,BLVD, , ,1601, , ,17,17,10,171,SAN DIEGO,01,895,0, ,000,000,00000,D060,1601,0, ,SD,20049.9472656,600.801536837
893605,5333131014,53331310,258424,1,LOT 1*US 14PER DOC06-117660&UND INT IN\,468180,161262,629442,1,420775,081616,0,T, ,08242,1,1,015269, ,002,020, , ,92101-2539,6279052.15112,1843842.83933,1,N,600.8015658558849,20049.950542837152,SD,KETTNER,BLVD, , ,1601, , ,14,17,10,171,SAN DIEGO,01,927,0, ,001,000,00000,D060,1601,0, ,SD,20049.9472656,600.801536837
893940,5333131028,53331310,258424,5,LOT 1*US 28PER DOC06-117660&UND INT IN\,173517,342969,516486,1,181886,050514,0,T,Y,08242,1,1,015269, ,002,020, , ,92101-2542,6279052.15112,1843842.83933,1,N,600.8015658558849,20049.950542837152,SD,KETTNER,BLVD, , ,1601, , ,28,17,10,171,SAN DIEGO,01,937,0, ,000,000,00000,D060,1601,0, ,SD,20049.9472656,600.801536837
904133,5332332100,53323321,136008,1,BLK 38*LOT 15*/EXC SLY 17 FT/*,66981,60891,127872,1,047098,020819,0,T, ,08242,6,2,CC1-1874,MIDDLETOWN,000,000, , ,92101-2504,6279385.57728,1844383.41691,1,N,261.0945467247649,3138.753595396546,SD,COLUMBIA,ST, , ,1764, , , ,13,60,130,SAN DIEGO,00,0,0, , , , , ,1764,0, ,SD,3138.77929688,261.095084877
904146,5332331000,53323310,158734,1,BLK 38*LOTS 10 & 11*/EXC E 50 FT/*,1103904,0,1103904,1,401579,091714,0,T, ,08242,6,0,CC1-1874,MIDDLETOWN,000,000, , ,92101,6279394.38967,1844166.07454,1,N,241.08978472723427,3378.4311789775384,SD,DATE,ST, ,W,518, , , ,31,60,311,SAN DIEGO,00,0,0, , , ,03744, ,518,522, ,SD,3378.42578125,241.089988408
911037,5332231370,53322313,136033,1,LOT 2*USS512PER DOC06-88394&UND INT IN\,204000,226000,430000,1,678855,110112,0,T, ,08242,1,1,015180, ,002,010, ,Y,92101-2248,6279252.24935,1844889.78344,1,N,601.1440794639361,20083.766419347226,SD,COLUMBIA,ST, , ,1970, , ,512,17,10,171,SAN DIEGO,04,811,0,N,001, , ,D070,1970,0, ,SD,20083.7705078,601.144204515
917076,5332231364,53322313,136033,1,LOT 2*USS506PER DOC06-88394&UND INT IN\,206736,238321,445057,1,698283,112713,0,T,Y,08242,1,1,015180, ,002,020, ,Y,92101-2247,6279252.24935,1844889.78344,1,N,601.1440794639361,20083.766419347226,SD,COLUMBIA,ST, , ,1970, , ,506,17,10,171,SAN DIEGO,04,1064,0,N,001, , ,D070,1970,0, ,SD,20083.7705078,601.144204515
920278,5332231318,53322313,136033,1,LOT 2*USS217PER DOC06-88394&UND INT IN\,119000,206000,325000,1,136637,022706,0,T,Y,08242,1,1,015180, ,001,010, ,N,92101-2245,6279252.24935,1844889.78344,1,N,601.1440794639361,20083.766419347226,SD,COLUMBIA,ST, , ,1970, , ,217,17,10,171,SAN DIEGO,04,599,0,N,001, , ,D070,1970,0, ,SD,20083.7705078,601.144204515
920536,5332231351,53322313,136033,5,LOT 2*USS412PER DOC06-88394&UND INT IN\,88310,259414,347724,1,485827,081512,0,T, ,08242,1,1,015180, ,002,010, ,Y,92101-2247,6279252.24935,1844889.78344,1,N,601.1440794639361,20083.766419347226,SD,COLUMBIA,ST, , ,1970, , ,412,17,10,171,SAN DIEGO,04,811,0,N,001, , ,D070,1970,0, ,SD,20083.7705078,601.144204515
920617,5332231369,53322313,136033,1,LOT 2*USS511PER DOC06-88394&UND INT IN\,98054,217214,315268,1,132656,030712,0,T, ,08242,1,1,015180, ,002,020, ,N,92101-2248,6279252.24935,1844889.78344,1,N,601.1440794639361,20083.766419347226,SD,COLUMBIA,ST, , ,1970, , ,511,17,10,171,SAN DIEGO,04,817,0,N,001, , ,D070,1970,0, ,SD,20083.7705078,601.144204515
924393,5332331300,53323313,136006,1,BLK 38*LOT 13*,297837,186145,483982,6,661478,031811,0,T, ,08242,6,4,CC1-1874,MIDDLETOWN,000,000, , ,92101-2529,6279403.06248,1844277.49131,1,N,297.98036182493325,4978.319174423308,SD,COLUMBIA,ST, , ,1746, , , ,13,60,130,SAN DIEGO,28,3636,0, , , ,04900,C055,1746,0, ,SD,4978.30078125,297.980429865
928069,5332320100,53323201,193660,1,BLK 39*LOT 1*/EXC S 4 FT/*,455051,69991,525042,1,370292,082686,0,T, ,08242,7,2,CC1-1874,MIDDLETOWN,000,000, , ,92101-2224,6279000.52,1844469.27825,1,N,325.7659674207911,6273.398478383774,SD,FIR,ST, ,W,731, , , ,13,70,130,SAN DIEGO,23,2305,0, , , ,06174,D050,731,0, ,SD,6273.39550781,325.765801163
928450,5332230716,53322307,193650,1,BLK 43*US 16PER DOCS92-654856&92-807132&UND INT IN LOT 7\,237744,231410,469154,6,145280,033017,0,T, ,08242,1,1,CC1-1874,MIDDLETOWN,002,020, , ,92101-2238,6279309.62462,1844730.90803,1,N,300.6556231158191,5016.395277863319,SD,FIR,ST, ,W,602, , ,401,17,10,170,SAN DIEGO,93,903,0, ,001,000,00000,D070,602,0, ,SD,5016.39453125,300.655566081
937607,5332332000,53323320,136018,2,BLK 38*POR*,50426,48932,99358,2,166782,041317,0,T, ,08242,6,3,CC1-1874,MIDDLETOWN,000,000, , ,92101-2506,6279352.75386,1844612.74659,1,N,289.3949298870562,4031.750496493956,SD,COLUMBIA,ST, , ,1840, , , ,13,60,130,SAN DIEGO,00,1820,0, , , ,03954, ,1840,0, ,SD,4031.75097656,289.394748535
957760,5333131005,53331310,258424,1,LOT 1*US 5 PER DOC06-117660&UND INT IN\,127950,153539,281489,1,606556,111411,0,T, ,08242,1,1,015269, ,001,010, , ,92101-2537,6279052.15112,1843842.83933,1,N,600.8015658558849,20049.950542837152,SD,KETTNER,BLVD, , ,1601, , ,05,17,10,171,SAN DIEGO,01,792,0, ,000,000,00000,D060,1601,0, ,SD,20049.9472656,600.801536837
963202,5332230809,53322308,136030,5,BLK 43*US 9 PER DOCS05-587983&06-148000&UND INT IN LOT 8 IN\,169000,336000,505000,1,303876,070617,0,T, ,08242,1,1,CC1-1874,MIDDLETOWN,002,020, , ,92101-2249,6279292.96848,1844777.3192,1,N,300.6181059854389,5015.421837860582,SD,COLUMBIA,ST, , ,1918, , ,09,17,10,171,SAN DIEGO,06,1082,0, ,001,000,00000,D070,1918,0, ,SD,5015.43261719,300.618300839
964305,5332231374,53322313,136033,1,LOT 2*USS516PER DOC06-88394&UND INT IN\,66232,126947,193179,1,037298,011713,0,T, ,08242,1,1,015180, ,001,010, ,Y,92101-2248,6279252.24935,1844889.78344,1,N,601.1440794639361,20083.766419347226,SD,COLUMBIA,ST, , ,1970, , ,516,17,10,171,SAN DIEGO,04,561,0,N,001, , ,D070,1970,0, ,SD,20083.7705078,601.144204515
964657,5332231362,53322313,136033,2,LOT 2*USS504PER DOC06-88394&UND INT IN\,116596,202231,318827,1,470627,102914,0,T, ,08242,1,1,015180, ,001,010, ,Y,92101-2247,6279252.24935,1844889.78344,1,N,601.1440794639361,20083.766419347226,SD,COLUMBIA,ST, , ,1970, , ,504,17,10,171,SAN DIEGO,04,516,0,N,001, , ,D070,1970,0, ,SD,20083.7705078,601.144204515
971212,5333130200,53331302,258423,3,BLK 30*LOT 2*,43878,183,44061,1,240146,053017,0,T, ,08242,7,0,CC1-1874,MIDDLETOWN,000,000, , ,92101-2521,6279053.35865,1843968.00917,1,N,300.42095963550264,5013.423728181955,SD,KETTNER,BLVD, , ,1665, , , ,46,70,460,SAN DIEGO,00,0,0, , , , , ,1665,0, ,SD,5013.42285156,300.421002692
977122,5333131026,53331310,258424,1,LOT 1*US 26PER DOC06-117660&UND INT IN\,239258,291022,530280,2,363285,072016,0,T, ,08242,1,1,015269, ,002,020, , ,92101-2542,6279052.15112,1843842.83933,1,N,600.8015658558849,20049.950542837152,SD,KETTNER,BLVD, , ,1601, , ,26,17,10,171,SAN DIEGO,01,937,0, ,001,000,00000,D060,1601,0, ,SD,20049.9472656,600.801536837
978756,5333510100,53335101,158736,1,BLK 31*LOT 1*,3311718,386364,3698082,1,401579,091714,0,T, ,08242,6,1,CC1-1874,MIDDLETOWN,000,000, , ,92101-2508,6279328.83359,1844015.53266,1,N,299.52874580795185,4988.401323610154,SD,DATE,ST, ,W,523, , , ,21,60,210,SAN DIEGO,49,4166,0, , , ,05000,C025,523,0, ,SD,4988.39550781,299.528659541
985608,5332231327,53322313,136033,1,LOT 2*USS307PER DOC06-88394&UND INT IN\,182392,187411,369803,3,900555,042819,0,T, ,08242,1,1,015180, ,002,020, ,N,92101-2245,6279252.24935,1844889.78344,1,N,601.1440794639361,20083.766419347226,SD,COLUMBIA,ST, , ,1970, , ,307,17,10,171,SAN DIEGO,04,805,0,N,001, , ,D070,1970,0, ,SD,20083.7705078,601.144204515
991668,5332230805,53322308,136030,1,BLK 43*US 5 PER DOCS05-587983&06-148000&UND INT IN LOT 8 IN\,133143,314227,447370,1,511373,092616,0,T,Y,08242,1,1,CC1-1874,MIDDLETOWN,001,010, , ,92101-2249,6279292.96848,1844777.3192,1,N,300.6181059854389,5015.421837860582,SD,COLUMBIA,ST, , ,1918, , ,05,17,10,171,SAN DIEGO,06,822,0, ,001,000,00000,D070,1918,0, ,SD,5015.43261719,300.618300839
995950,5332231329,53322313,136033,1,LOT 2*USS309PER DOC06-88394&UND INT IN\,98354,200183,298537,1,427676,070913,0,T, ,08242,1,1,015180, ,002,020, ,N,92101-2245,6279252.24935,1844889.78344,1,N,601.1440794639361,20083.766419347226,SD,COLUMBIA,ST, , ,1970, , ,309,17,10,171,SAN DIEGO,04,807,0,N,001, , ,D070,1970,0, ,SD,20083.7705078,601.144204515
996327,5332231375,53322313,136033,1,LOT 2*USS517PER DOC06-88394&UND INT IN\,57715,155840,213555,1,269076,052009,0,T, ,08242,1,1,015180, ,001,010, ,Y,92101-2248,6279252.24935,1844889.78344,1,N,601.1440794639361,20083.766419347226,SD,COLUMBIA,ST, , ,1970, , ,517,17,10,171,SAN DIEGO,04,599,0,N,001, , ,D070,1970,0, ,SD,20083.7705078,601.144204515
997434,5332231305,53322313,136033,1,LOT 2*USS204PER DOC06-88394&UND INT IN\,64219,149847,214066,1,322689,062810,0,T, ,08242,1,1,015180, ,001,010, ,N,92101-2245,6279252.24935,1844889.78344,1,N,601.1440794639361,20083.766419347226,SD,COLUMBIA,ST, , ,1970, , ,204,17,10,171,SAN DIEGO,04,631,0,N,001, , ,D070,1970,0, ,SD,20083.7705078,601.144204515
1009604,5332321700,53323217,722894,1,BLK 39*LOTS 8&9\,1484364,3278425,4762789,1,567343,101890,0,T, ,08242,6,80,CC1-1874,MIDDLETOWN,000,000, , ,92101-2526,6279144.27852,1844171.87942,1,N,359.8283546863083,8030.199098382113,SD,DATE,ST, ,W,606, , , ,26,60,260,SAN DIEGO,91,25767,0, ,000,000,08085,D065,606,0, ,SD,8030.20019531,359.828564364
1021424,5333521800,53335218,136004,1,BLK 32*LOT 5*LOTS 3 THRU\,1653385,788704,2442089,1,084405,021800,0,T, ,08242,6,0,CC1-1874,MIDDLETOWN,000,000, , ,92101-2501,6279601.87121,1843863.65387,1,N,498.94343718495963,14921.31750541475,SD,COLUMBIA,ST, , ,1629, , , ,21,60,210,SAN DIEGO,79,8340,7900, ,000,000,15000,D080,1629,0, ,SD,14921.3115234,498.943367831
1025746,5333131009,53331310,258424,1,LOT 1*US 9 PER DOC06-117660&UND INT IN\,187961,159765,347726,1,827824,123112,0,T,Y,08242,1,1,015269, ,002,020, , ,92101-2539,6279052.15112,1843842.83933,1,N,600.8015658558849,20049.950542837152,SD,KETTNER,BLVD, , ,1601, , ,09,17,10,171,SAN DIEGO,01,722,0, ,000,000,00000,D060,1601,0, ,SD,20049.9472656,600.801536837
1026519,5333131029,53331310,258424,1,LOT 1*US 29PER DOC06-117660&UND INT IN\,202000,183000,385000,1,564983,082407,0,T,Y,08242,1,1,015269, ,001,010, , ,92101-2543,6279052.15112,1843842.83933,1,N,600.8015658558849,20049.950542837152,SD,KETTNER,BLVD, , ,1601, , ,29,17,10,171,SAN DIEGO,01,651,0, ,000,000,00000,D060,1601,0, ,SD,20049.9472656,600.801536837
1028211,5333131024,53331310,258424,1,LOT 1*US 24PER DOC06-117660&UND INT IN\,306000,102000,408000,1,007087,010818,0,T,Y,08242,1,1,015269, ,001,010, , ,92101-2542,6279052.15112,1843842.83933,1,N,600.8015658558849,20049.950542837152,SD,KETTNER,BLVD, , ,1601, , ,24,17,10,171,SAN DIEGO,01,740,0, ,000,000,00000,D060,1601,0, ,SD,20049.9472656,600.801536837
1032180,5332331900,53323319,136017,1,BLK 38*LOT 19*/EXC N 8 FT & S 7 FT OF N 15 FT OF W 34.29 FT/*,816000,300000,1116000,2,328449,081018,0,T, ,08242,6,18,CC1-1874,MIDDLETOWN, , ,N, ,92101-2506,6279354.28894,1844571.03189,1,N,281.92497814399724,3857.866093655424,SD,COLUMBIA,ST, , ,1836, , , ,15,60,150,SAN DIEGO, ,15066,0,N,001, ,03878, ,1836,0, ,SD,3857.8515625,281.924845403
1050029,5332231358,53322313,136033,1,LOT 2*USS500PER DOC06-88394&UND INT IN\,95508,192608,288116,1,482489,091415,0,T, ,08242,1,1,015180, ,001,010, ,Y,92101-2247,6279252.24935,1844889.78344,1,N,601.1440794639361,20083.766419347226,SD,COLUMBIA,ST, , ,1970, , ,500,17,10,171,SAN DIEGO,04,459,0,N,001, , ,D070,1970,0, ,SD,20083.7705078,601.144204515
1050264,5332231334,53322313,136033,1,LOT 2*USS314PER DOC06-88394&UND INT IN\,61255,135786,197041,1,606637,111411,0,T, ,08242,1,1,015180, ,001,010, ,N,92101-2247,6279252.24935,1844889.78344,1,N,601.1440794639361,20083.766419347226,SD,COLUMBIA,ST, , ,1970, , ,314,17,10,171,SAN DIEGO,04,631,0,N,001, , ,D070,1970,0, ,SD,20083.7705078,601.144204515
1051110,5332231357,53322313,136033,1,LOT 2*USS418PER DOC06-88394&UND INT IN\,96078,219780,315858,1,461659,083115,0,T,Y,08242,1,1,015180, ,001,010, ,Y,92101-2247,6279252.24935,1844889.78344,1,N,601.1440794639361,20083.766419347226,SD,COLUMBIA,ST, , ,1970, , ,418,17,10,171,SAN DIEGO,04,459,0,N,001, , ,D070,1970,0, ,SD,20083.7705078,601.144204515
1051128,5332231345,53322313,136033,1,LOT 2*USS406PER DOC06-88394&UND INT IN\,357000,202980,559980,1,171494,043018,0,T, ,08242,1,1,015180, ,002,020, ,Y,92101-2247,6279252.24935,1844889.78344,1,N,601.1440794639361,20083.766419347226,SD,COLUMBIA,ST, , ,1970, , ,406,17,10,171,SAN DIEGO,04,1064,0,N,001, , ,D070,1970,0, ,SD,20083.7705078,601.144204515
1052446,5332231352,53322313,136033,1,LOT 2*USS413PER DOC06-88394&UND INT IN\,110974,346800,457774,1,009213,010918,0,T,Y,08242,1,1,015180, ,002,020, ,N,92101-2247,6279252.24935,1844889.78344,1,N,601.1440794639361,20083.766419347226,SD,COLUMBIA,ST, , ,1970, , ,413,17,10,171,SAN DIEGO,04,911,0,N,001, , ,D070,1970,0, ,SD,20083.7705078,601.144204515
1062469,5333131022,53331310,258424,1,LOT 1*US 22PER DOC06-117660&UND INT IN\,390150,156060,546210,1,260824,060917,0,T,Y,08242,1,1,015269, ,002,010, ,N,92101-2542,6279052.15112,1843842.83933,1,N,600.8015658558849,20049.950542837152,SD,KETTNER,BLVD, , ,1601, , ,22,17,10,171,SAN DIEGO,01,880,0, ,000,000,00000,D060,1601,0, ,SD,20049.9472656,600.801536837
1068904,5332231322,53322313,136033,1,LOT 2*USS302PER DOC06-88394&UND INT IN\,139000,176000,315000,2,299848,063017,0,T, ,08242,1,1,015180, ,001,010, ,Y,92101-2245,6279252.24935,1844889.78344,1,N,601.1440794639361,20083.766419347226,SD,COLUMBIA,ST, , ,1970, , ,302,17,10,171,SAN DIEGO,04,581,0,N,001, , ,D070,1970,0, ,SD,20083.7705078,601.144204515
5607,5332311703,53323117,258425,1,PAR 1*US L3 PER DOC03-447707&UND INT IN PHASE 2 BLDG ENVELOPE\,175270,534544,709814,2,308372,062216,0,T, ,08242,6,1,PM18790,PARCEL MAP NO 18790, ,015,N,N,92101-2553,6278809.63089,1844275.15054,1,N,1002.0098156105034,59132.43914896961,SD,KETTNER,BLVD, , ,1780, , ,203,21,60,210,SAN DIEGO,03,1811,0,N,002, , ,C070,1780,0, ,SD,59132.3779297,1002.00949477
5617,5332311715,53323117,258425,1,PAR 1*US L15PER DOC03-447707&UND INT IN PHASE 2 BLDG ENVELOPE\,134672,366311,500983,1,393393,091214,0,T,Y,08242,1,1,PM18790,PARCEL MAP NO 18790,001,015, ,N,92101-2552,6278809.63089,1844275.15054,1,N,1002.0098156105034,59132.43914896961,SD,KETTNER,BLVD, , ,1780, , ,101,17,10,171,SAN DIEGO,03,1154,0,N,001, , ,C070,1780,0, ,SD,59132.3779297,1002.00949477
5669,5332311734,53323117,258425,1,PAR 1*US L34PER DOC03-447707&UND INT IN PHASE 2 BLDG ENVELOPE\,198700,527112,725812,1,092182,031419,0,T, ,08242,1,1,PM18790,PARCEL MAP NO 18790,001,020, ,Y,92101-2553,6278809.63089,1844275.15054,1,N,1002.0098156105034,59132.43914896961,SD,KETTNER,BLVD, , ,1780, , ,503,17,10,171,SAN DIEGO,03,1465,0,N,002, , ,C070,1780,0, ,SD,59132.3779297,1002.00949477
5670,5332311735,53323117,258425,1,PAR 1*US L35PER DOC03-447707&UND INT IN PHASE 2 BLDG ENVELOPE\,258000,512000,770000,2,014064,011017,0,T,Y,08242,1,1,PM18790,PARCEL MAP NO 18790,002,020, ,Y,92101-2553,6278809.63089,1844275.15054,1,N,1002.0098156105034,59132.43914896961,SD,KETTNER,BLVD, , ,1780, , ,501,17,10,171,SAN DIEGO,03,1665,0,N,002, , ,C070,1780,0, ,SD,59132.3779297,1002.00949477
5679,5332311631,53323116,258425,5,PAR 1*US T30PER DOC03-447707&UND INT IN PHASE 1 BLDG ENVELOPE\,350000,185500,535500,1,461117,110218,0,T, ,08242,1,1,PM18790,PARCEL MAP NO 18790,001,015, ,Y,92101-2549,6278809.63089,1844275.15054,1,N,1002.0098156105034,59132.43914896961,SD,KETTNER,BLVD, , ,1750, , ,310,17,10,171,SAN DIEGO,03,902,0,N,001, , ,D070,1750,0, ,SD,59132.3779297,1002.00949477
5682,5332311652,53323116,258425,1,PAR 1*US T48PER DOC03-447707&UND INT IN PHASE 1 BLDG ENVELOPE\,129000,361000,490000,2,080173,021809,0,T, ,08242,1,1,PM18790,PARCEL MAP NO 18790,001,010, ,Y,92101-2550,6278809.63089,1844275.15054,1,N,1002.0098156105034,59132.43914896961,SD,KETTNER,BLVD, , ,1750, , ,419,17,10,171,SAN DIEGO,03,937,0,N,001, , ,D070,1750,0, ,SD,59132.3779297,1002.00949477
5722,5332311613,53323116,258425,1,PAR 1*US T13PER DOC03-447707&UND INT IN PHASE 1 BLDG ENVELOPE\,152675,458038,610713,1,596400,110216,0,T,Y,08242,1,1,PM18790,PARCEL MAP NO 18790,002,025, ,N,92101-2548,6278809.63089,1844275.15054,1,N,1002.0098156105034,59132.43914896961,SD,KETTNER,BLVD, , ,1750, , ,112,17,10,171,SAN DIEGO,03,1270,0,N,002, , ,D070,1750,0, ,SD,59132.3779297,1002.00949477
5723,5332311614,53323116,258425,1,PAR 1*US T14PER DOC03-447707&UND INT IN PHASE 1 BLDG ENVELOPE\,123859,386346,510205,1,452495,041803,0,T,Y,08242,1,1,PM18790,PARCEL MAP NO 18790,002,025, ,N,92101-2548,6278809.63089,1844275.15054,1,N,1002.0098156105034,59132.43914896961,SD,KETTNER,BLVD, , ,1750, , ,114,17,10,171,SAN DIEGO,03,1270,0,N,002, , ,D070,1750,0, ,SD,59132.3779297,1002.00949477
6007,5332311622,53323116,258425,1,PAR 1*US T22PER DOC03-447707&UND INT IN PHASE 1 BLDG ENVELOPE\,135000,435000,570000,1,396102,080416,0,T,Y,08242,1,1,PM18790,PARCEL MAP NO 18790,002,025, ,N,92101-2548,6278809.63089,1844275.15054,1,N,1002.0098156105034,59132.43914896961,SD,KETTNER,BLVD, , ,1750, , ,104,17,10,171,SAN DIEGO,03,1217,0,N,002, , ,D070,1750,0, ,SD,59132.3779297,1002.00949477
6026,5332311607,53323116,258425,1,PAR 1*US T7 PER DOC03-447707&UND INT IN PHASE 1 BLDG ENVELOPE\,216672,507271,723943,1,428741,101618,0,T,Y,08242,1,1,PM18790,PARCEL MAP NO 18790,002,025, ,N,92101-2548,6278809.63089,1844275.15054,1,N,1002.0098156105034,59132.43914896961,SD,KETTNER,BLVD, , ,1750, , ,103,17,10,171,SAN DIEGO,03,1533,0,N,002, , ,D070,1750,0, ,SD,59132.3779297,1002.00949477
6028,5332311727,53323117,258425,1,PAR 1*US L27PER DOC03-447707&UND INT IN PHASE 2 BLDG ENVELOPE\,329674,494511,824185,1,121115,032714,0,T,Y,08242,1,1,PM18790,PARCEL MAP NO 18790,001,020, ,Y,92101-2553,6278809.63089,1844275.15054,1,N,1002.0098156105034,59132.43914896961,SD,KETTNER,BLVD, , ,1780, , ,313,17,10,171,SAN DIEGO,03,1692,0,N,002, , ,C070,1780,0, ,SD,59132.3779297,1002.00949477
6029,5332311733,53323117,258425,1,PAR 1*US L33PER DOC03-447707&UND INT IN PHASE 2 BLDG ENVELOPE\,219781,510994,730775,1,475177,072913,0,T,Y,08242,1,1,PM18790,PARCEL MAP NO 18790,001,020, ,Y,92101-2553,6278809.63089,1844275.15054,1,N,1002.0098156105034,59132.43914896961,SD,KETTNER,BLVD, , ,1780, , ,504,17,10,171,SAN DIEGO,03,1506,0,N,002, , ,C070,1780,0, ,SD,59132.3779297,1002.00949477
6340,5332311743,53323117,258425,1,PAR 1*US L43PER DOC03-447707&UND INT IN PHASE 2 BLDG ENVELOPE\,215478,522532,738010,1,342836,081114,0,T, ,08242,1,1,PM18790,PARCEL MAP NO 18790,001,020, ,Y,92101-2554,6278809.63089,1844275.15054,1,N,1002.0098156105034,59132.43914896961,SD,KETTNER,BLVD, , ,1780, , ,513,17,10,171,SAN DIEGO,03,1692,0,N,002, , ,C070,1780,0, ,SD,59132.3779297,1002.00949477
17369,5335900100,53359001,239078,1,PAR PER ROS 6194 IN\,0,0,0,0,202239,123066,16.62,N, ,08242,0,0,MM0018,MUNICIPAL TIDELANDS, , , , ,92101-2429,6278079.2825,1843730.6915,1,N,4024.2458471025143,722925.037023544,SD,PACIFIC,HWY, , ,1600, , , ,0,00,000,SAN DIEGO, ,0,0, , , , , ,1600,0, ,SD,722924.842773,4024.24525873
21148,5332131700,53321317,5034,1,BLK I\,0,0,0,1,802207,121592,0,N, ,08242,0,0,CC1-1874,MIDDLETOWN, , , , , ,6278574.88262,1844411.28395,1,N,959.4650699823683,10910.428632604317,SD, , , , ,0, , , ,0,00,000,SAN DIEGO, ,0,0, , , , , ,0,0, ,SD,10910.3632813,959.464912627
28074,5332311714,53323117,258425,1,PAR 1*US L14PER DOC03-447707&UND INT IN PHASE 2 BLDG ENVELOPE\,215478,469741,685219,2,545401,112217,0,T, ,08242,1,1,PM18790,PARCEL MAP NO 18790,001,020, ,N,92101-2552,6278809.63089,1844275.15054,1,N,1002.0098156105034,59132.43914896961,SD,KETTNER,BLVD, , ,1780, , ,103,17,10,171,SAN DIEGO,03,1365,0,N,002, , ,C070,1780,0, ,SD,59132.3779297,1002.00949477
29250,5332311625,53323116,258425,1,PAR 1*US T25PER DOC03-447707&UND INT IN PHASE 1 BLDG ENVELOPE\,150207,466444,616651,1,203250,042916,0,T,Y,08242,1,1,PM18790,PARCEL MAP NO 18790,002,020, ,N,92101-2548,6278809.63089,1844275.15054,1,N,1002.0098156105034,59132.43914896961,SD,KETTNER,BLVD, , ,1750, , ,202,17,10,171,SAN DIEGO,03,1186,0,N,002, , ,D070,1750,0, ,SD,59132.3779297,1002.00949477
29253,5332311722,53323117,258425,1,PAR 1*US L22PER DOC03-447707&UND INT IN PHASE 2 BLDG ENVELOPE\,123339,372331,495670,1,504045,103017,0,T,Y,08242,1,1,PM18790,PARCEL MAP NO 18790,001,015, ,N,92101-2553,6278809.63089,1844275.15054,1,N,1002.0098156105034,59132.43914896961,SD,KETTNER,BLVD, , ,1780, , ,310,17,10,171,SAN DIEGO,03,1133,0,N,001, , ,C070,1780,0, ,SD,59132.3779297,1002.00949477
31503,5332311766,53323117,258425,1,PAR 1*US L66PER DOC03-447707&UND INT IN PHASE 2 BLDG ENVELOPE\,176000,544000,720000,3,903310,042418,0,T,Y,08242,1,1,PM18790,PARCEL MAP NO 18790,001,020, ,Y,92101-2554,6278809.63089,1844275.15054,1,N,1002.0098156105034,59132.43914896961,SD,KETTNER,BLVD, , ,1780, , ,805,17,10,171,SAN DIEGO,03,1434,0,N,002, , ,C070,1780,0, ,SD,59132.3779297,1002.00949477
46075,5332120500,53321205,722777,1,BLK 41*LOTS 1 THRU 6*PAR A1 PER DOC88-673763 IN\,0,0,0,2,673763,122988,0,N, ,08242,0,0,CC1-1874,MIDDLETOWN, , , , , ,6278596.42904,1844666.9298,1,N,526.2510565314325,2915.68838061835,SD, , , , ,0, , , ,0,00,000,SAN DIEGO, ,0,0, , , , , ,0,0, ,SD,2915.69140625,526.250742475
51839,5332311641,53323116,258425,1,PAR 1*US T43PER DOC03-447707&UND INT IN PHASE 1 BLDG ENVELOPE\,510000,255000,765000,1,006392,010518,0,T,Y,08242,1,1,PM18790,PARCEL MAP NO 18790,002,025, ,N,92101-2550,6278809.63089,1844275.15054,1,N,1002.0098156105034,59132.43914896961,SD,KETTNER,BLVD, , ,1750, , ,411,17,10,171,SAN DIEGO,03,1223,0,N,002, , ,D070,1750,0, ,SD,59132.3779297,1002.00949477
51841,5332311749,53323117,258425,1,PAR 1*US L49PER DOC03-447707&UND INT IN PHASE 2 BLDG ENVELOPE\,112000,398000,510000,1,330057,060612,0,T, ,08242,1,1,PM18790,PARCEL MAP NO 18790,001,010, ,Y,92101-2554,6278809.63089,1844275.15054,1,N,1002.0098156105034,59132.43914896961,SD,KETTNER,BLVD, , ,1780, , ,702,17,10,171,SAN DIEGO,03,916,0,N,002, , ,C070,1780,0, ,SD,59132.3779297,1002.00949477
54364,5332311721,53323117,258425,1,PAR 1*US L21PER DOC03-447707&UND INT IN PHASE 2 BLDG ENVELOPE\,138000,427000,565000,2,423902,091517,0,T, ,08242,1,1,PM18790,PARCEL MAP NO 18790,001,015, ,N,92101-2553,6278809.63089,1844275.15054,1,N,1002.0098156105034,59132.43914896961,SD,KETTNER,BLVD, , ,1780, , ,308,17,10,171,SAN DIEGO,03,1179,0,N,001, , ,C070,1780,0, ,SD,59132.3779297,1002.00949477
67929,5332311632,53323116,258425,1,PAR 1*US T31PER DOC03-447707&UND INT IN PHASE 1 BLDG ENVELOPE\,106000,344000,450000,1,507680,103117,0,T, ,08242,1,1,PM18790,PARCEL MAP NO 18790,001,010, ,N,92101-2549,6278809.63089,1844275.15054,1,N,1002.0098156105034,59132.43914896961,SD,KETTNER,BLVD, , ,1750, , ,311,17,10,171,SAN DIEGO,03,937,0,N,001, , ,D070,1750,0, ,SD,59132.3779297,1002.00949477
67930,5332311728,53323117,258425,1,PAR 1*US L28PER DOC03-447707&UND INT IN PHASE 2 BLDG ENVELOPE\,219781,532973,752754,2,069549,021816,0,T,Y,08242,1,1,PM18790,PARCEL MAP NO 18790,002,020, ,Y,92101-2553,6278809.63089,1844275.15054,1,N,1002.0098156105034,59132.43914896961,SD,KETTNER,BLVD, , ,1780, , ,311,17,10,171,SAN DIEGO,03,1692,0,N,002, , ,C070,1780,0, ,SD,59132.3779297,1002.00949477
69740,5332311655,53323116,258425,1,PAR 1*US T51PER DOC03-447707&UND INT IN PHASE 1 BLDG ENVELOPE\,103864,300712,404576,2,009129,010413,0,T,Y,08242,1,1,PM18790,PARCEL MAP NO 18790,001,015, ,N,92101-2550,6278809.63089,1844275.15054,1,N,1002.0098156105034,59132.43914896961,SD,KETTNER,BLVD, , ,1750, , ,412,17,10,171,SAN DIEGO,03,902,0,N,001, , ,D070,1750,0, ,SD,59132.3779297,1002.00949477
70411,5332311620,53323116,258425,1,PAR 1*US T20PER DOC03-447707&UND INT IN PHASE 1 BLDG ENVELOPE\,296968,223045,520013,1,111643,112304,0,T,Y,08242,1,1,PM18790,PARCEL MAP NO 18790,002,025, ,N,92101-2548,6278809.63089,1844275.15054,1,N,1002.0098156105034,59132.43914896961,SD,KETTNER,BLVD, , ,1750, , ,109,17,10,171,SAN DIEGO,03,1217,0,N,002, , ,D070,1750,0, ,SD,59132.3779297,1002.00949477
80407,5332311628,53323116,258425,1,PAR 1*US T27PER DOC03-447707&UND INT IN PHASE 1 BLDG ENVELOPE\,158000,432000,590000,1,757114,062603,0,T, ,08242,1,1,PM18790,PARCEL MAP NO 18790,002,020, ,N,92101-2549,6278809.63089,1844275.15054,1,N,1002.0098156105034,59132.43914896961,SD,KETTNER,BLVD, , ,1750, , ,305,17,10,171,SAN DIEGO,03,1257,0,N,002, , ,D070,1750,0, ,SD,59132.3779297,1002.00949477
81137,5332311751,53323117,258425,1,PAR 1*US L51PER DOC03-447707&UND INT IN PHASE 2 BLDG ENVELOPE\,107501,356013,463514,1,388133,072315,0,T,Y,08242,1,1,PM18790,PARCEL MAP NO 18790, ,020, ,Y,92101-2554,6278809.63089,1844275.15054,1,N,1002.0098156105034,59132.43914896961,SD,KETTNER,BLVD, , ,1780, , ,705,17,10,171,SAN DIEGO,03,1317,0,N,002, , ,C070,1780,0, ,SD,59132.3779297,1002.00949477
81442,5332311752,53323117,258425,1,PAR 1*US L52PER DOC03-447707&UND INT IN PHASE 2 BLDG ENVELOPE\,520200,260100,780300,1,238397,052617,0,T,Y,08242,1,1,PM18790,PARCEL MAP NO 18790, ,020, ,Y,92101-2554,6278809.63089,1844275.15054,1,N,1002.0098156105034,59132.43914896961,SD,KETTNER,BLVD, , ,1780, , ,707,17,10,171,SAN DIEGO,03,1217,0,N,002, , ,C070,1780,0, ,SD,59132.3779297,1002.00949477
101737,5332311644,53323116,258425,1,PAR 1*US T55PER DOC03-447707&UND INT IN PHASE 1 BLDG ENVELOPE\,252000,523000,775000,1,498138,072507,0,T, ,08242,1,1,PM18790,PARCEL MAP NO 18790,002,025, ,N,92101-2549,6278809.63089,1844275.15054,1,N,1002.0098156105034,59132.43914896961,SD,KETTNER,BLVD, , ,1750, , ,401,17,10,171,SAN DIEGO,03,1522,0,N,002, , ,D070,1750,0, ,SD,59132.3779297,1002.00949477
102836,5332311719,53323117,258425,1,PAR 1*US L19PER DOC03-447707&UND INT IN PHASE 2 BLDG ENVELOPE\,274727,535720,810447,2,329793,070116,0,T, ,08242,1,1,PM18790,PARCEL MAP NO 18790,002,020, ,N,92101-2553,6278809.63089,1844275.15054,1,N,1002.0098156105034,59132.43914896961,SD,KETTNER,BLVD, , ,1780, , ,301,17,10,171,SAN DIEGO,03,1665,0,N,002, , ,C070,1780,0, ,SD,59132.3779297,1002.00949477
104331,5332311636,53323116,258425,1,PAR 1*US T35PER DOC03-447707&UND INT IN PHASE 1 BLDG ENVELOPE\,408000,122400,530400,1,086475,030618,0,T,Y,08242,1,1,PM18790,PARCEL MAP NO 18790,001,015, ,N,92101-2549,6278809.63089,1844275.15054,1,N,1002.0098156105034,59132.43914896961,SD,KETTNER,BLVD, , ,1750, , ,303,17,10,171,SAN DIEGO,03,902,0,N,001, , ,D070,1750,0, ,SD,59132.3779297,1002.00949477
105024,7600070200,76000702,722876,1, ,144000,8000,152000,3,909305,090115,0,T, ,08242,7,1,TIDELANDS,TIDELANDS, , , , , ,6277941.57225,1844770.236,7,N,3934.9103111113172,150334.10930142063,SD,PACIFIC HWY & GRAPE,ST, , ,0, , , ,31,70,310, , ,0,0, , , , , ,0,0, ,SD,150334.026367,3934.91007377
105259,5332311624,53323116,258425,1,PAR 1*US T24PER DOC03-447707&UND INT IN PHASE 1 BLDG ENVELOPE\,86135,292865,379000,1,296162,061011,0,T, ,08242,1,1,PM18790,PARCEL MAP NO 18790,002,025, ,N,92101-2549,6278809.63089,1844275.15054,1,N,1002.0098156105034,59132.43914896961,SD,KETTNER,BLVD, , ,1750, , ,204,17,10,171,SAN DIEGO,03,1229,0,N,002, , ,D070,1750,0, ,SD,59132.3779297,1002.00949477
105580,5332311745,53323117,258425,1,PAR 1*US L45PER DOC03-447707&UND INT IN PHASE 2 BLDG ENVELOPE\,219781,520884,740665,1,515307,081613,0,T, ,08242,1,1,PM18790,PARCEL MAP NO 18790,001,020, ,Y,92101-2554,6278809.63089,1844275.15054,1,N,1002.0098156105034,59132.43914896961,SD,KETTNER,BLVD, , ,1780, , ,509,17,10,171,SAN DIEGO,03,1692,0,N,002, , ,C070,1780,0, ,SD,59132.3779297,1002.00949477
107849,5332311634,53323116,258425,1,PAR 1*US T33PER DOC03-447707&UND INT IN PHASE 1 BLDG ENVELOPE\,90880,264727,355607,1,515310,050203,0,T,Y,08242,1,1,PM18790,PARCEL MAP NO 18790,001,010, ,N,92101-2549,6278809.63089,1844275.15054,1,N,1002.0098156105034,59132.43914896961,SD,KETTNER,BLVD, , ,1750, , ,307,17,10,171,SAN DIEGO,03,864,0,N,001, , ,D070,1750,0, ,SD,59132.3779297,1002.00949477
108010,7600072200,76000722,722876,1,SAN DIEGO BAY*FILE